"CE Implementados","","","","","","","","","","","",""
"N°","COD SABER","CODIGO","NOMBRE","PROVINCIA","CANTON","LATITUD","LONGITUD","CATALOGO","CANTIDAD DISPOSITIVOS","Fecha Implementación PBS","ESTATUS IMPLEMENTACIÓN","LÍNEA DE CONECTIVIDAD INICIAL"
"1","105534-00","5870","LICEO SOTERO GONZALEZ BARQUERO","SAN JOSE","DESAMPARADOS","9,8753083408115","-84,0882079762609","CAT 3","9","8/30/2024","IMPLEMENTADO","#REF!"
"2","104166-00","4119","LICEO DE CHACARITA","PUNTARENAS","CHACARITA","99793195","-8476714324","CAT 5","87","9/16/2024","IMPLEMENTADO","17312819(500Mbps-FO), 17495546(10Mbps-ADSL), 17765457(10Mbps-ADSL)"
"3","102858-00","2714","CHAGUITE","PUNTARENAS","PUNTARENAS","998441046","-8474460164","CAT 3","","9/27/2024","IMPLEMENTADO","17433991(200Mbps-FO), 17701961(200Mbps-FO)"
"4","103982-00","3904","ESCUELA SAN ANTONIO","ALAJUELA","UPALA","10,944691","-84.965668 ","CAT 2","","11/28/2024","IMPLEMENTADO","17331821(100Mbps-FO)"
"5","100995-00","805","PEDRO PÉREZ ZELEDÓN","SAN JOSE","PEREZ ZELEDON","936707076","-83704793","CAT 4","26","11/29/2024","IMPLEMENTADO","17300741(200Mbps-FO)"
"6","101177-00","988","GUSTAVO AGÜERO BARRANTES","SAN JOSE","PEREZ ZELEDON","94151785","-8373407766","CAT 3","9","12/2/2024","IMPLEMENTADO","17602795(200Mbps-FO)"
"7","101948-00","1776","FERNANDO TERÁN VALLS","CARTAGO","LA UNION","992557403","-8400065345","CAT 4","5","12/3/2024","IMPLEMENTADO","17338521(100Mbps-FO)"
"8","101060-00","870","LA HERMOSA","SAN JOSE","PEREZ ZELEDON","934845543","-8365711117","CAT 2","4","12/4/2024","IMPLEMENTADO","17313018(100Mbps-FO)"
"9","101112-00","922","HERNÁN RODRÍGUEZ RUÍZ","SAN JOSE","PEREZ ZELEDON","932090566","-8366215356","CAT 3","21","12/4/2024","IMPLEMENTADO","17602797(100Mbps-FO), 17920795(100Mbps-FO), 17920861(100Mbps-FO), 27713747(100Mbps-FO)"
"10","101194-00","1006","SINAÍ","SAN JOSE","PEREZ ZELEDON","937018844","-8369453042","CAT 3","17","12/4/2024","IMPLEMENTADO","27711813(25Mbps-ADSL), 27714643(25Mbps-ADSL), 27718469(25Mbps-ADSL)"
"11","101381-00","1197","LUIS FELIPE GONZÁLEZ FLORES","ALAJUELA","ALAJUELA","1007489544","-8421624773","CAT 3","11","12/4/2024","IMPLEMENTADO","17653580(10Mbps-ADSL)"
"12","101049-00","859","EL HOYÓN","SAN JOSE","PEREZ ZELEDON","936326763","-8372057319","CAT 2","7","12/5/2024","IMPLEMENTADO","17370710(25Mbps-SATELITAL), 17582225(10Mbps-ADSL), 27720454(4Mbps-ADSL)"
"13","101062-00","872","LA LINDA","SAN JOSE","PEREZ ZELEDON","936641777","-8365047874","CAT 2","2","12/5/2024","IMPLEMENTADO","17963041(10Mbps-ADSL)"
"14","101079-00","889","LAS MERCEDES","SAN JOSE","PEREZ ZELEDON","926144737","-8358073465","CAT 3","1","12/5/2024","IMPLEMENTADO","17821781(2Mbps-ADSL)"
"15","101121-00","931","MIXTA PEDREGOSO","SAN JOSE","PEREZ ZELEDON","93752147","-8372188067","CAT 3","1","12/5/2024","IMPLEMENTADO","17332131(60Mbps-FO)"
"16","102233-00","2067","SAN PABLO","HEREDIA","BARVA","1002291448","-8412704034","CAT 3","1","12/5/2024","IMPLEMENTADO","17340301(35Mbps-FO), 17754216(100Mbps-FO)"
"17","104083-00","4029","LICEO DE TURRÚCARES","ALAJUELA","ALAJUELA","995964202","-8431737398","CAT 4","3","12/5/2024","IMPLEMENTADO","17683043(300Mbps-FO)"
"18","102111-00","1942","AZUL","CARTAGO","TURRIALBA","991307374","-8366515308","CAT 3","3","12/6/2024","IMPLEMENTADO","17370991(25Mbps-SATELITAL), 17406373(6Mbps-ADSL)"
"19","101192-00","1004","SANTO TOMÁS","SAN JOSE","PEREZ ZELEDON","947816829","-837794897","CAT 2","1","12/9/2024","IMPLEMENTADO","17370240(25Mbps-SATELITAL)"
"20","101382-00","1198","SAN ANTONIO","ALAJUELA","ALAJUELA","99965975","-8422265811","CAT 3","11","12/9/2024","IMPLEMENTADO","17300195(70Mbps-FO)"
"21","100856-00","660","LA PALMA","SAN JOSE","PURISCAL","978835533","-8438499778","CAT 2","1","12/10/2024","IMPLEMENTADO","17370697(25Mbps-SATELITAL), 17625760(10Mbps-ADSL), 17774368(20Mbps-ADSL)"
"22","100938-00","744","CRISTO REY","SAN JOSE","PEREZ ZELEDON","927277691","-8349244167","CAT 2","1","12/10/2024","IMPLEMENTADO","PENDIENTE"
"23","101910-00","1737","SAN JOAQUÍN","CARTAGO","CARTAGO","978818912","-8404193579","CAT 2","","12/10/2024","IMPLEMENTADO","17349041(10Mbps-FO), 17678966(2Mbps-ADSL)"
"24","101940-00","1767","SAN VICENTE","CARTAGO","LA UNION","990028452","-8397733734","CAT 3","14","12/10/2024","IMPLEMENTADO","17300749(10Mbps-FO), 17771629(100Mbps-FO), 22784622(6Mbps-ADSL), 22794154(4Mbps-ADSL)"
"25","104072-00","4015","COLEGIO AMBIENTALISTA EL ROBLE","ALAJUELA","ALAJUELA","999440601","-8424617141","CAT 5","1","12/10/2024","IMPLEMENTADO","17945857(500Mbps-FO)"
"26","104816-00","6132","J.N. PEDRO AGUIRRE CERDA","ALAJUELA","POAS","1007775792","-8424508887","CAT 3","1","12/10/2024","IMPLEMENTADO","17370599(25Mbps-SATELITAL), 24480168(20Mbps-ADSL)"
"27","100646-00","442","OTTO HUBBE","SAN JOSE","SAN JOSE","995910348","-841203681","CAT 4","1","12/11/2024","IMPLEMENTADO","17300502(60Mbps-FO)"
"28","101257-00","1070","TIERRA PROMETIDA","SAN JOSE","PEREZ ZELEDON","938147694","-8371177784","CAT 3","1","12/11/2024","IMPLEMENTADO","27720569(100Mbps-FO)"
"29","101426-00","1242","ALBERTO MANUEL BRENES MORA","ALAJUELA","SAN RAMON","1009516571","-8446608556","CAT 3","4","12/11/2024","IMPLEMENTADO","17973118(200Mbps-FO)"
"30","101478-00","1296","JOAQUÍN LORENZO SANCHO QUESADA","ALAJUELA","PALMARES","1006988497","-8443659945","CAT 4","1","12/11/2024","IMPLEMENTADO","17300616(10Mbps-FO), 24530486(4Mbps-ADSL), 24532286(6Mbps-ADSL)"
"31","101553-00","1371","RINCÓN DE OROZCO","ALAJUELA","SAN RAMON","1006807035","-8445878163","CAT 2","8","12/11/2024","IMPLEMENTADO","24473694(4Mbps-ADSL)"
"32","103450-00","3341","CHASE","LIMON","TALAMANCA","960224484","-8286610738","CAT 3","8","12/11/2024","IMPLEMENTADO","17370856(25Mbps-SATELITAL)"
"33","104065-00","4008","LICEO FERNANDO VOLIO JIMÉNEZ","SAN JOSE","PEREZ ZELEDON","93135149","-8366605041","CAT 4","5","12/11/2024","IMPLEMENTADO","27710405(100Mbps-FO), 27720557(100Mbps-FO)"
"34","104086-00","4032","LICEO NUESTRA SEÑORA DE LOS ÁNGELES","ALAJUELA","SAN RAMON","1010414003","-8447351309","CAT 4","32","12/11/2024","IMPLEMENTADO","17309422(300Mbps-FO)"
"35","104247-00","4207","C.T.P. DE ABANGARES","GUANACASTE","ABANGARES","1028193676","-8496519997","CAT 4","1","12/11/2024","IMPLEMENTADO","17338131(500Mbps-FO)"
"36","104766-00","5995","LICEO DE MAGALLANES","ALAJUELA","SAN RAMON","1007003731","-8450152605","CAT 3","16","12/11/2024","IMPLEMENTADO","17305951(45Mbps-FO)"
"37","100569-00","360","LUIS DEMETRIO TINOCO CASTRO","SAN JOSE","GOICOECHEA","996010761","-8400767912","CAT 5","5","12/12/2024","IMPLEMENTADO","17342401(70Mbps-FO)"
"38","100623-00","418","ROBERTO CANTILLANO VINDAS","SAN JOSE","GOICOECHEA","996542224","-8400949889","CAT 5","5","12/12/2024","IMPLEMENTADO","17334171(100Mbps-FO)"
"39","100633-00","428","SAN FELIPE","SAN JOSE","ALAJUELITA","990187905","-8410463141","CAT 4","1","12/12/2024","IMPLEMENTADO","17307691(70Mbps-FO)"
"40","100702-00","501","MANUEL HIDALGO MORA","SAN JOSE","ASERRI","986259872","-8409354147","CAT 5","5","12/12/2024","IMPLEMENTADO","17342851(100Mbps-FO)"
"41","100908-00","713","ROGELIO FERNÁNDEZ GÜELL","SAN JOSE","MORA","991334167","-8424233205","CAT 4","6","12/12/2024","IMPLEMENTADO","17305272(60Mbps-FO)"
"42","101182-00","994","EL PEJE","SAN JOSE","PEREZ ZELEDON","927640428","-8365179829","CAT 2","4","12/12/2024","IMPLEMENTADO","17301237(10Mbps-FO)"
"43","101352-00","1167","GABRIELA MISTRAL","ALAJUELA","ALAJUELA","996293529","-8425556894","CAT 5","26","12/12/2024","IMPLEMENTADO","17300111(100Mbps-FO)"
"44","102386-00","2221","JOSÉ EZEQUIEL GONZÁLEZ VINDAS","HEREDIA","SAN PABLO","999545998","-8409767816","CAT 4","1","12/12/2024","IMPLEMENTADO","17342351(70Mbps-FO)"
"45","102394-00","2229","RODOLFO PETERS SCHEIDER","HEREDIA","SANTA BARBARA","1005558491","-8416410253","CAT 3","4","12/12/2024","IMPLEMENTADO","17300576(10Mbps-FO), 17658724(100Mbps-FO), 17776177(100Mbps-FO)"
"46","104426-00","5129","LICEO RURAL EL JARDÍN","SAN JOSE","PEREZ ZELEDON","955705082","-8370584129","CAT 2","1","12/12/2024","IMPLEMENTADO","17312373(25Mbps-SATELITAL)"
"47","100561-00","352","PILAR JIMÉNEZ SOLIS","SAN JOSE","GOICOECHEA","994896452","-840552527","CAT 4","1","12/13/2024","IMPLEMENTADO","17331081(70Mbps-FO)"
"48","101386-00","1202","SAN JOSÉ NORTE","ALAJUELA","ATENAS","1001071585","-8440714528","CAT 2","7","12/13/2024","IMPLEMENTADO","17660273(100Mbps-FO)"
"49","101402-00","1218","SIMÓN BOLÍVAR PALACIOS","ALAJUELA","GRECIA","1006858103","-8431035836","CAT 4","29","12/13/2024","IMPLEMENTADO","17308382(30Mbps-FO)"
"50","101958-00","1786","DOMINGO FAUSTINO SARMIENTO","CARTAGO","CARTAGO","984547966","-8390863972","CAT 4","22","12/13/2024","IMPLEMENTADO","17314761(35Mbps-FO)"
"51","102229-00","2063","SAN BOSCO","HEREDIA","SANTA BARBARA","1006245583","-8415816236","CAT 3","4","12/13/2024","IMPLEMENTADO","17370621(25Mbps-SATELITAL), 17610851(200Mbps-FO)"
"52","105055-00","6640","C.T.P. DE COPAL","GUANACASTE","NICOYA","1016878616","-8526411869","CAT 3","18","12/13/2024","IMPLEMENTADO","17318901(300Mbps-FO)"
"53","104511-00","5346","LA RIVIERA","PUNTARENAS","ESPARZA","999807575","-8466470438","CAT 3","18","12/16/2024","IMPLEMENTADO","17344971(10Mbps-FO), 17433311(100Mbps-FO), 17756744(100Mbps-FO)"
"54","101292-00","1107","PACTO DEL JOCOTE","ALAJUELA","ALAJUELA","1000821619","-84238324","CAT 5","28","12/17/2024","IMPLEMENTADO","17339121(100Mbps-FO)"
"55","101528-00","1346","REPÚBLICA DE COLOMBIA","ALAJUELA","NARANJO","1009608704","-8437944507","CAT 4","24","12/17/2024","IMPLEMENTADO","17334111(60Mbps-FO)"
"56","102420-00","2255","ALBA OCAMPO ALVARADO","GUANACASTE","LIBERIA","1063017735","-8544130796","CAT 4","1","12/17/2024","IMPLEMENTADO","17342251(80Mbps-FO)"
"57","102709-00","2555","PUERTO RICO","GUANACASTE","SANTA CRUZ","1026648444","-8564814355","CAT 3","1","12/17/2024","IMPLEMENTADO","17708137(6Mbps-ADSL)"
"58","104069-00","4012","LICEO CARRILLOS DE POÁS","ALAJUELA","POAS","1002436449","-8428217689","CAT 4","1","12/17/2024","IMPLEMENTADO","17338321(40Mbps-FO)"
"59","104101-00","4048","LICEO ENRIQUE GUIER SAENZ","CARTAGO","PARAISO","982418677","-8380269358","CAT 4","22","12/17/2024","IMPLEMENTADO","17342201(200Mbps-FO)"
"60","104119-00","4070","LICEO HERNÁN VARGAS RAMÍREZ","CARTAGO","JIMENEZ","989259","-8374515723","CAT 4","23","12/17/2024","IMPLEMENTADO","25322351(20Mbps-ADSL)"
"61","104162-00","4115","LICEO EMILIANO ODIO MADRIGAL","PUNTARENAS","ESPARZA","1000188979","-8465269066","CAT 4","3","12/17/2024","IMPLEMENTADO","17699380(300Mbps-FO)"
"62","104420-00","5079","LICEO VILLARREAL","GUANACASTE","SANTA CRUZ","1030152862","-8580665836","CAT 4","1","12/17/2024","IMPLEMENTADO","17333791(50Mbps-FO)"
"63","101596-00","1414","COLONIA NARANJEÑA","ALAJUELA","GUATUSO","1070987584","-8492975526","CAT 2","1","12/18/2024","IMPLEMENTADO","PENDIENTE"
"64","102217-00","2051","SAN FRANCISCO","CARTAGO","TURRIALBA","984092894","-8358187907","CAT 3","1","12/18/2024","IMPLEMENTADO","17334271(15Mbps-FO)"
"65","102339-00","2174","JOSÉ FIGUERES FERRER","HEREDIA","HEREDIA","1000648112","-8413094841","CAT 4","22","12/18/2024","IMPLEMENTADO","17754103(100Mbps-FO), 22601440(11Mbps-ADSL)"
"66","102665-00","2511","CARTAGENA","GUANACASTE","SANTA CRUZ","1038023114","-8567501392","CAT 3","17","12/18/2024","IMPLEMENTADO","17363201(10Mbps-FO)"
"67","103857-00","3773","DAMAS","PUNTARENAS","QUEPOS","949036496","-842095996","CAT 3","3","12/18/2024","IMPLEMENTADO","17301378(10Mbps-FO), 17370763(25Mbps-SATELITAL), 17421302(200Mbps-FO)"
"68","104226-00","4185","C.T.P. DE PACAYAS","CARTAGO","ALVARADO","991611645","-8380545307","CAT 5","7","12/18/2024","IMPLEMENTADO","17335491(300Mbps-FO)"
"69","104925-00","1010","LICEO RURAL CERROS","PUNTARENAS","QUEPOS","950592496","-8418117744","CAT 3","2","12/18/2024","IMPLEMENTADO","17370360(25Mbps-SATELITAL), 17421302(100Mbps-FO)"
"70","100698-00","497","JOSÉ ÁNGEL PADILLA SOLÍS","SAN JOSE","DESAMPARADOS","974764359","-8400071073","CAT 3","13","12/19/2024","IMPLEMENTADO","17312952(25Mbps-SATELITAL), 25440056(6Mbps-ADSL)"
"71","101307-00","1122","MIGUEL RODRÍGUEZ VILLARREAL","ALAJUELA","OROTINA","989985427","-8459939411","CAT 2","6","12/19/2024","IMPLEMENTADO","17370901(25Mbps-SATELITAL), 17686798(10Mbps-ADSL)"
"72","101977-00","1805","J.N. ASCENSIÓN ESQUIVEL","CARTAGO","CARTAGO","986214366","-8391978186","CAT 3","3","12/19/2024","IMPLEMENTADO","PENDIENTE"
"73","102079-00","1910","J.N. RICARDO JIMÉNEZ OREAMUNO","CARTAGO","EL GUARCO","984590716","-839383706","CAT 3","3","12/19/2024","IMPLEMENTADO","17370965(25Mbps-SATELITAL), 17424273(6Mbps-ADSL)"
"74","102492-00","2329","BARRIO LA CRUZ","GUANACASTE","LIBERIA","1060642287","-8543978782","CAT 3","13","12/19/2024","IMPLEMENTADO","17606547(200Mbps-FO)"
"75","104092-00","4039","COLEGIO DR. RICARDO MORENO CAÑAS","ALAJUELA","PALMARES","1003660114","-8444088707","CAT 4","27","12/19/2024","IMPLEMENTADO","17300304(40Mbps-FO), 17683046(100Mbps-FO), 17683047(100Mbps-FO), 24523395(100Mbps-FO)"
"76","104258-00","4218","C.T.P. DE CORREDORES","PUNTARENAS","CORREDORES","850483721","-8283785657","CAT 5","9","12/19/2024","IMPLEMENTADO","17341181(300Mbps-FO)"
"77","104378-00","4997","PUERTO CARRILLO","GUANACASTE","HOJANCHA","986495267","-8547662702","CAT 2","1","12/19/2024","IMPLEMENTADO","17370006(25Mbps-SATELITAL), 17627491(100Mbps-FO), 17729721(100Mbps-FO)"
"78","102722-00","2571","PALESTINA","GUANACASTE","CARRILLO","1038571747","-8558320607","CAT 2","1","12/20/2024","IMPLEMENTADO","22006799(6Mbps-LTE), 84800130(5Mbps-Móvil)"
"79","104048-00","3986","LICEO RICARDO FERNÁNDEZ GUARDIA","SAN JOSE","SAN JOSE","991145854","-8408991294","CAT 5","6","12/20/2024","IMPLEMENTADO","17342591(80Mbps-FO)"
"80","104118-00","4069","COLEGIO DR. CLODOMIRO PICADO TWIGHT","CARTAGO","TURRIALBA","990036707","-8367636286","CAT 5","1","12/20/2024","IMPLEMENTADO","17332431(80Mbps-FO), 17396780(2Mbps-LD)"
"81","104228-00","4188","C.T.P. SAN PABLO","SAN JOSE","LEON CORTES","968389833","-840422259","CAT 4","32","12/20/2024","IMPLEMENTADO","17309031(200Mbps-FO)"
"82","104743-00","5968","LICEO RURAL CAÑON DE EL GUARCO","CARTAGO","EL GUARCO","968318721","-8391936005","CAT 2","4","12/20/2024","IMPLEMENTADO","17370615(25Mbps-SATELITAL)"
"83","100578-00","370","JUAN RAFAEL MORA PORRAS","SAN JOSE","SAN JOSE","993617244","-84088695","CAT 4","6","12/23/2024","IMPLEMENTADO","17342391(60Mbps-FO)"
"84","101293-00","1108","RINCÓN DE HERRERA","ALAJUELA","ALAJUELA","998083793","-8424074132","CAT 4","16","12/23/2024","IMPLEMENTADO","17366181(45Mbps-FO)"
"85","102324-00","2159","FIDEL CHAVES MURILLO","HEREDIA","BELEN","998781614","-8418496874","CAT 4","9","12/23/2024","IMPLEMENTADO","17330661(60Mbps-FO)"
"86","104006-00","3931","PIEDRAS AZULES","GUANACASTE","LA CRUZ","1105337808","-8531873217","CAT 2","1","12/23/2024","IMPLEMENTADO","17311918(25Mbps-SATELITAL)"
"87","104744-00","5969","LICEO RURAL SANTA ROSA","CARTAGO","OREAMUNO","991812042","-8384092673","CAT 3","1","12/23/2024","IMPLEMENTADO","17301791(10Mbps-FO)"
"88","104158-00","4111","LICEO MIGUEL ARAYA VENEGAS","GUANACASTE","CAÑAS","1042819154","-8508667131","CAT 4","7","12/26/2024","IMPLEMENTADO","17331271(300Mbps-FO)"
"89","105009-00","6538","C.T.P. DE CAÑAS","GUANACASTE","CAÑAS","1041756092","-8508997118","CAT 5","35","12/26/2024","IMPLEMENTADO","17362511(200Mbps-FO)"
"90","101843-00","1668","PALENQUE TONJIBE","ALAJUELA","GUATUSO","1063111486","-847862526","CAT 2","1","12/27/2024","IMPLEMENTADO","PENDIENTE"
"91","103088-00","2959","BRUS MALIS","PUNTARENAS","COTO BRUS","883340028","-8304892658","CAT 3","1","12/27/2024","IMPLEMENTADO","22006165(6Mbps-LTE), 87257886(5Mbps-Móvil)"
"92","103204-00","3081","QUIABDO","PUNTARENAS","COTO BRUS","884651375","-83081614","CAT 3","1","12/27/2024","IMPLEMENTADO","22001528(6Mbps-LTE), 87257954(5Mbps-Móvil)"
"93","101476-00","1294","EIDA VARGAS CARRANZA","ALAJUELA","NARANJO","1016500295","-8441943743","CAT 2","","1/8/2025","IMPLEMENTADO","17363721(10Mbps-FO), 17567675(100Mbps-FO)"
"94","103170-00","3047","ABROJO GUAYMÍ","PUNTARENAS","CORREDORES","865585478","-8287640166","CAT 3","1","1/8/2025","IMPLEMENTADO","17313945(25Mbps-SATELITAL)"
"95","104035-00","3968","LICEO PAVAS","SAN JOSE","SAN JOSE","994876062","-8413937668","CAT 5","1","1/8/2025","IMPLEMENTADO","17333231(80Mbps-FO)"
"96","104097-00","4044","LICEO SANTA RITA","ALAJUELA","RIO CUARTO","1040670784","-8421663532","CAT 4","5","1/8/2025","IMPLEMENTADO","17342521(35Mbps-FO)"
"97","100643-00","439","JOSÉ ANA MARÍN CUBERO","SAN JOSE","VASQUEZ DE CORONADO","997886548","-8400839778","CAT 5","1","1/9/2025","IMPLEMENTADO","17351181(300Mbps-FO)"
"98","101370-00","1186","RAMADAS","ALAJUELA","SAN MATEO","994508418","-845492567","CAT 2","3","2/4/2025","IMPLEMENTADO","17753886(100Mbps-FO)"
"99","102675-00","2521","FILADELFIA","GUANACASTE","CARRILLO","1044580737","-8555069362","CAT 4","15","2/3/2025","IMPLEMENTADO","17627793(10Mbps-ADSL)"
"100","102747-00","2596","SAN JUAN CHIQUITO","GUANACASTE","ABANGARES","1027263269","-8497457547","CAT 3","1","12/19/2024","IMPLEMENTADO","17357731(10Mbps-FO)"
"101","102752-00","2601","LAS PALMAS","GUANACASTE","CAÑAS","1043590705","-8509488607","CAT 3","3","1/10/2025","IMPLEMENTADO","17394571(10Mbps-FO), 17630388(10Mbps-FO), 17653456(10Mbps-FO)"
"102","102810-00","2662","MATA DE CAÑA","GUANACASTE","TILARAN","1053986105","-8488011796","CAT 2","3","1/10/2025","IMPLEMENTADO","17358911(100Mbps-FO)"
"103","100525-00","314","MONTERREY VARGAS ARAYA","SAN JOSE","MONTES DE OCA","993773354","-8403428572","CAT 3","20","1/13/2025","IMPLEMENTADO","17334931(30Mbps-FO), 17460468(100Mbps-FO)"
"104","100675-00","472","LOS PINOS","SAN JOSE","ALAJUELITA","991882344","-8411800056","CAT 5","13","1/31/2025","IMPLEMENTADO","17342871(50Mbps-FO)"
"105","104767-00","5996","EXPERIMENTAL BILINGÜE DE SAN RAMÓN","ALAJUELA","SAN RAMON","1009165347","-8446048545","CAT 4","27","1/20/2025","IMPLEMENTADO","17336421(200Mbps-FO)"
"106","102048-00","1879","EMILIO ROBERT BROUCA","CARTAGO","OREAMUNO","994702912","-838629517","CAT 2","1","1/30/2025","IMPLEMENTADO","17989231(100Mbps-FO)"
"107","102116-00","1947","SANTÍSIMA TRINIDAD","CARTAGO","TURRIALBA","981629861","-8356589168","CAT 2","3","1/21/2025","IMPLEMENTADO","17370077(25Mbps-SATELITAL)"
"108","103700-00","3605","EL BOSQUE","LIMON","GUACIMO","1025115593","-8368183284","CAT 2","1","2/12/2025","IMPLEMENTADO","17537144(200Mbps-FO)"
"109","104187-00","4141","LICEO DE CARIARI","LIMON","POCOCI","103717014","-8372749193","CAT 5","15","1/21/2025","IMPLEMENTADO","17309421(100Mbps-FO)"
"110","104190-00","4144","COLEGIO DE JIMÉNEZ","LIMON","POCOCI","1021156568","-8373994355","CAT 5","27","2/3/2025","IMPLEMENTADO","17309682(100Mbps-FO)"
"111","101181-00","993","SANTA CRUZ","PUNTARENAS","BUENOS AIRES","917337795","-8332542698","CAT 4","20","1/23/2025","IMPLEMENTADO","17419530(200Mbps-FO)"
"112","102126-00","1957","CHITARÍA","CARTAGO","TURRIALBA","993579169","-8359021944","CAT 2","2","12/23/2024","IMPLEMENTADO","25541224(0,512Mbps-ADSL)"
"113","104068-00","4011","LICEO DE SANTA GERTRUDIS","ALAJUELA","GRECIA","1008538253","-8428315263","CAT 4","27","1/24/2025","IMPLEMENTADO","17316251(300Mbps-FO)"
"114","100524-00","313","PATIO DE AGUA","SAN JOSE","VASQUEZ DE CORONADO","997489483","-8396508638","CAT 2","5","1/29/2025","IMPLEMENTADO","17694670(100Mbps-FO)"
"115","101065-00","875","CARLOS LUIS VALVERDE VEGA","SAN JOSE","PEREZ ZELEDON","935163267","-8373416817","CAT 2","4","1/28/2025","IMPLEMENTADO","17409656(100Mbps-FO), 27718635(100Mbps-FO)"
"116","101419-00","1235","INVU LAS CAÑAS","ALAJUELA","ALAJUELA","1000909143","-8420318799","CAT 4","25","1/29/2025","IMPLEMENTADO","17620736(300Mbps-FO)"
"117","100669-00","466","FINCA SAN JUAN","SAN JOSE","SAN JOSE","995409079","-8415383098","CAT 4","3","1/29/2025","IMPLEMENTADO","17338251(40Mbps-FO)"
"118","101485-00","1303","JULIA FERNÁNDEZ RODRÍGUEZ","ALAJUELA","PALMARES","1005685275","-8442228716","CAT 3","4","1/29/2025","IMPLEMENTADO","17419792(4Mbps-ADSL), 17621678(100Mbps-FO)"
"119","101525-00","1343","JUAN JOSÉ VALVERDE MADRIGAL","ALAJUELA","SAN RAMON","101326483","-8450773259","CAT 3","5","1/29/2025","IMPLEMENTADO","17370908(25Mbps-SATELITAL), 17620266(10Mbps-ADSL), 24474122(10Mbps-ADSL)"
"120","101541-00","1359","SARCHÍ NORTE","ALAJUELA","VALVERDE VEGA","1008906844","-8434784478","CAT 3","19","1/29/2025","IMPLEMENTADO","17370306(25Mbps-SATELITAL), 24544860(10Mbps-ADSL), 24544906(10Mbps-ADSL)"
"121","102249-00","2084","MANUEL DEL PILAR ZUMBADO GONZÁLEZ","HEREDIA","BELEN","998059131","-8417150823","CAT 3","21","1/29/2025","IMPLEMENTADO","17300583(10Mbps-FO), 17754240(200Mbps-FO), 22654304(100Mbps-FO)"
"122","102311-00","2146","ALBERTO PANIAGUA CHAVARRÍA","HEREDIA","SAN RAFAEL","1003542702","-8410763012","CAT 3","4","1/29/2025","IMPLEMENTADO","17388231(10Mbps-FO), 17496227(100Mbps-FO), 17496659(100Mbps-FO), 17622456(100Mbps-FO)"
"123","102433-00","2268","EL ARBOLITO","GUANACASTE","BAGACES","1052040445","-8523904934","CAT 3","3","1/29/2025","IMPLEMENTADO","17357321(10Mbps-FO)"
"124","102872-00","2729","ARTURO TORRES MARTÍNEZ","PUNTARENAS","ESPARZA","999041914","-8466578203","CAT 3","18","1/30/2025","IMPLEMENTADO","17355251(10Mbps-FO), 17431052(100Mbps-FO), 17653561(100Mbps-FO), 17653562(100Mbps-FO), 17653563(100Mbps-FO)"
"125","103516-00","3414","GENERAL TOMÁS GUARDIA GUTIÉRREZ","LIMON","LIMON","999230061","-8302972938","CAT 4","4","1/30/2025","IMPLEMENTADO","17370852(25Mbps-SATELITAL), 17858770(35Mbps-ADSL)"
"126","103674-00","3579","CALLE UNO","LIMON","POCOCI","1022491122","-8376529335","CAT 2","12","1/30/2025","IMPLEMENTADO","27106487(100Mbps-FO)"
"127","104014-00","3943","LICEO LUIS DOBLES SEGREDA","SAN JOSE","SAN JOSE","993464271","-8409881554","CAT 5","7","1/30/2025","IMPLEMENTADO","17300154(200Mbps-FO)"
"128","104044-00","3980","LICEO HERNÁN ZAMORA ELIZONDO","SAN JOSE","MORAVIA","998290464","-8402266122","CAT 4","3","1/30/2025","IMPLEMENTADO","17343121(200Mbps-FO)"
"129","104046-00","3983","LICEO DE CALLE FALLAS","SAN JOSE","DESAMPARADOS","989159708","-8407111188","CAT 4","5","1/30/2025","IMPLEMENTADO","17304192(100Mbps-FO), 17885674(2Mbps-ADSL)"
"130","104109-00","4058","LICEO DE COT","CARTAGO","OREAMUNO","989203733","-8387073209","CAT 4","25","1/30/2025","IMPLEMENTADO","17309491(200Mbps-FO)"
"131","104110-00","4059","LICEO SAN DIEGO","CARTAGO","LA UNION","990140857","-840009369","CAT 4","5","1/31/2025","IMPLEMENTADO","17300262(50Mbps-FO)"
"132","104130-00","4082","LICEO MARIO VINDAS SALAZAR","HEREDIA","SAN PABLO","999806125","-8409545265","CAT 4","7","1/30/2025","IMPLEMENTADO","17307182(60Mbps-FO)"
"133","101286-00","1101","CALLE LILES","ALAJUELA","POAS","1011529613","-8424340021","CAT 2","7","1/31/2025","IMPLEMENTADO","17370895(25Mbps-SATELITAL), 24483893(100Mbps-FO)"
"134","101397-00","1213","ALICE MOYA RODRÍGUEZ","ALAJUELA","GRECIA","999896894","-8439692477","CAT 2","15","1/28/2025","IMPLEMENTADO","17300811(200Mbps-FO), 17676164(200Mbps-FO), 17676165(200Mbps-FO)"
"135","104135-00","4087","EXPERIMENTAL BILINGUE DE BELÉN","HEREDIA","BELEN","997500223","-8418735973","CAT 5","1","1/31/2025","IMPLEMENTADO","17343151(100Mbps-FO), 17421426(100Mbps-FO), 17421430(100Mbps-FO), 17667096(100Mbps-FO), 17754220(100Mbps-FO)"
"136","104165-00","4118","LICEO DE MIRAMAR","PUNTARENAS","MONTES DE ORO","1008768054","-8473154042","CAT 4","28","1/31/2025","IMPLEMENTADO","17331531(200Mbps-FO)"
"137","104183-00","4137","LICEO LA ALEGRÍA","LIMON","SIQUIRRES","1008854211","-8359878636","CAT 3","2","1/31/2025","IMPLEMENTADO","17309641(50Mbps-FO)"
"138","104263-00","4224","C.T.P. VALLE LA ESTRELLA","LIMON","LIMON","973711119","-8296096104","CAT 4","6","1/31/2025","IMPLEMENTADO","17344411(120Mbps-FO), 22002908(6Mbps-LTE)"
"139","104336-00","4896","NOCTURNO DE QUEPOS","PUNTARENAS","QUEPOS","945162576","-8416633996","","5","1/31/2025","IMPLEMENTADO","17635718(300Mbps-FO), 27772384(4Mbps-ADSL)"
"140","104346-00","4930","ESCUELA DE DOMINGO FAUTINO SARMIENTO","SAN JOSE","ASERRI","985419181","-8409181387","","4","1/31/2025","IMPLEMENTADO","17300076(70Mbps-FO)"
"141","100591-00","383","LOS ÁNGELES","SAN JOSE","GOICOECHEA","99656659","-8401832705","CAT 4","1","2/3/2025","IMPLEMENTADO","17751139(100Mbps-FO)"
"142","100746-00","546","PRAGA","SAN JOSE","ASERRI","981929014","-8411059331","CAT 3","1","2/3/2025","IMPLEMENTADO","17370649(25Mbps-SATELITAL), 17416254(10Mbps-ADSL)"
"143","101377-00","1193","ERMIDA BLANCO GONZÁLEZ","ALAJUELA","ALAJUELA","1008492754","-8420882655","CAT 3","9","2/3/2025","IMPLEMENTADO","17331661(100Mbps-FO)"
"144","101490-00","1308","JULIÁN VOLIO LLORENTE","ALAJUELA","SAN RAMON","1012694194","-8445574041","CAT 3","1","2/3/2025","IMPLEMENTADO","17370913(25Mbps-SATELITAL), 17620746(100Mbps-FO)"
"145","104052-00","3991","LICEO SAN GABRIEL DE ASERRÍ","SAN JOSE","ASERRI","97864392","-8410315284","CAT 4","3","12/18/2024","IMPLEMENTADO","17370676(25Mbps-SATELITAL)"
"146","100545-00","336","LEÓN XIII","SAN JOSE","TIBAS","996051217","-8409835411","CAT 5","1","12/19/2024","IMPLEMENTADO","17346801(200Mbps-FO)"
"147","100558-00","349","JOSÉ ÁNGEL VIETO RANGEL","SAN JOSE","CURRIDABAT","992684553","-8401360937","CAT 3","1","1/28/2025","IMPLEMENTADO","17329591(100Mbps-FO)"
"148","100689-00","488","J.N. MARÍA JIMÉNEZ UREÑA","SAN JOSE","DESAMPARADOS","989976843","-840671763","CAT 3","1","1/21/2025","IMPLEMENTADO","17327662(100Mbps-FO), 17457473(100Mbps-FO)"
"149","100756-00","557","MIXTA SAN CRISTÓBAL SUR","SAN JOSE","DESAMPARADOS","974909607","-8402616772","CAT 2","1","2/12/2025","IMPLEMENTADO","17312417(25Mbps-SATELITAL), 25440956(7Mbps-ADSL)"
"150","100794-00","595","SOR MARÍA ROMERO MENESES","SAN JOSE","DESAMPARADOS","987653899","-8406869897","CAT 3","10","2/4/2025","IMPLEMENTADO","17337761(50Mbps-FO), 17619750(10Mbps-ADSL), 17751183(10Mbps-ADSL)"
"151","101780-00","1604","LA GLORIA","ALAJUELA","SAN CARLOS","1053508989","-8433340477","CAT 3","1","2/4/2025","IMPLEMENTADO","17313153(25Mbps-SATELITAL)"
"152","102693-00","2539","EL LLANO","GUANACASTE","SANTA CRUZ","1036167895","-857474199","CAT 3","1","2/4/2025","IMPLEMENTADO","26536094(6Mbps-ADSL)"
"153","101379-00","1195","SABANA LARGA","ALAJUELA","ATENAS","99755976","-8440047879","CAT 2","1","2/6/2025","IMPLEMENTADO","17752992(100Mbps-FO)"
"154","101595-00","1413","LA TROCHA","ALAJUELA","LOS CHILES","1101731336","-8453834537","CAT 3","1","2/6/2025","IMPLEMENTADO","PENDIENTE"
"155","101702-00","1524","LOS ALPES","ALAJUELA","SAN CARLOS","1035451815","-8429261227","CAT 2","1","2/6/2025","IMPLEMENTADO","24721525(1Mbps-ADSL)"
"156","102261-00","2096","MANUEL CAMACHO HERNÁNDEZ","HEREDIA","SAN RAFAEL","1001020966","-8409635395","CAT 3","1","2/6/2025","IMPLEMENTADO","17352701(30Mbps-FO)"
"157","102292-00","2127","COLONIA ISIDREÑA","HEREDIA","SAN ISIDRO","1000567276","-8405315816","CAT 3","1","2/6/2025","IMPLEMENTADO","17348521(35Mbps-FO)"
"158","104198-00","4156","CTP COMERCIAL Y SERVICIOS","SAN JOSE","SAN JOSE","992907987","-8410515173","CAT 5","","2/6/2025","IMPLEMENTADO","17330322(200Mbps-FO)"
"159","102419-00","2254","MAQUENCAL","GUANACASTE","LA CRUZ","110826571","-8539605506","CAT 2","1","12/13/2024","IMPLEMENTADO","22006725(6Mbps-LTE), 83174727(5Mbps-Móvil)"
"160","102456-00","2293","SALVADOR VILLAR MUÑOZ","GUANACASTE","LA CRUZ","1107713987","-8563144203","CAT 4","15","2/7/2025","IMPLEMENTADO","17343231(300Mbps-FO)"
"161","102684-00","2530","PORTEGOLPE","GUANACASTE","SANTA CRUZ","1034522559","-8573302406","CAT 3","1","2/7/2025","IMPLEMENTADO","17312385(100Mbps-FO)"
"162","103009-00","2874","TAJO ALTO","PUNTARENAS","MONTES DE ORO","1013108344","-8472396831","CAT 1","1","12/13/2024","IMPLEMENTADO","17351341(80Mbps-FO), 26392004(6Mbps-ADSL)"
"163","103213-00","3090","LA MONA","PUNTARENAS","GOLFITO","860020803","-8308967105","CAT 3","1","2/7/2025","IMPLEMENTADO","17395891(30Mbps-FO)"
"164","103571-00","3471","EL MILANO","LIMON","SIQUIRRES","1019020859","-8357598145","CAT 3","1","2/7/2025","IMPLEMENTADO","17370784(25Mbps-SATELITAL)"
"165","101385-00","1201","SAN JERÓNIMO","ALAJUELA","OROTINA","985668785","-845770217","CAT 2","2","2/10/2025","IMPLEMENTADO","17687747(50Mbps-FO)"
"166","102355-00","2190","NEFTALÍ VILLALOBOS GUTIÉRREZ","HEREDIA","SAN PABLO","998296261","-84101627","CAT 3","1","2/10/2025","IMPLEMENTADO","17610913(200Mbps-FO)"
"167","102368-00","2203","JESÚS ARGÜELLO VILLALOBOS","HEREDIA","SAN ISIDRO","1001843348","-8403796985","CAT 3","1","2/10/2025","IMPLEMENTADO","17382311(100Mbps-FO)"
"168","102369-00","2204","SAN LUIS GONZAGA","HEREDIA","SANTO DOMINGO","1000782694","-8403041152","CAT 3","1","2/10/2025","IMPLEMENTADO","17623167(100Mbps-FO), 17763571(100Mbps-FO)"
"169","102412-00","2247","BAJO DEL VIRILLA","HEREDIA","HEREDIA","996252216","-8411092615","CAT 2","2","2/10/2025","IMPLEMENTADO","17622586(100Mbps-FO)"
"170","103761-00","3668","SUERRE","LIMON","POCOCI","1018683398","-8375128595","CAT 3","1","2/10/2025","IMPLEMENTADO","17426402(100Mbps-FO), 17426410(100Mbps-FO)"
"171","100902-00","706","RAMÓN BEDOYA MONGE","SAN JOSE","PURISCAL","985687811","-8429953797","CAT 3","1","2/11/2025","IMPLEMENTADO","17370707(25Mbps-SATELITAL), 17408135(6Mbps-ADSL), 24161437(6Mbps-ADSL), 24167232(10Mbps-ADSL)"
"172","102729-00","2578","SAN JUAN","GUANACASTE","SANTA CRUZ","1021842249","-8555683942","CAT 3","2","2/11/2025","IMPLEMENTADO","17373941(10Mbps-FO)"
"173","103139-00","3014","LÍDER COMTE","PUNTARENAS","GOLFITO","843991125","-8303942207","CAT 3","1","2/11/2025","IMPLEMENTADO","17313923(25Mbps-SATELITAL), 22001199(6Mbps-LTE)"
"174","103705-00","3610","BUENOS AIRES SUR","LIMON","POCOCI","1017069532","-8378401262","CAT 3","1","2/11/2025","IMPLEMENTADO","17621857(100Mbps-FO)"
"175","104980-00","6479","COLEGIO DE GUÁCIMO","LIMON","GUACIMO","1021143751","-8367591744","CAT 3","5","2/11/2025","IMPLEMENTADO","17304972(100Mbps-FO)"
"176","100539-00","330","CONCEPCIÓN","SAN JOSE","ALAJUELITA","98955359","-8409381677","CAT 5","6","12/13/2024","IMPLEMENTADO","17349091(80Mbps-FO)"
"177","100554-00","345","DOCTOR FERRAZ","SAN JOSE","GOICOECHEA","994297818","-8406766972","CAT 3","1","12/16/2024","IMPLEMENTADO","17696983(10Mbps-ADSL), 17697157(10Mbps-ADSL)"
"178","100605-00","397","OMAR DENGO GUERRERO","SAN JOSE","SAN JOSE","992623514","-8408827465","CAT 4","1","2/12/2025","IMPLEMENTADO","17342751(80Mbps-FO)"
"179","102611-00","2455","SAMARA","GUANACASTE","NICOYA","988148313","-8552721926","CAT 2","1","2/12/2025","IMPLEMENTADO","17331211(15Mbps-FO), 22006167(6Mbps-LTE)"
"180","104418-00","5076","LICEO GASTÓN PERALTA CARRANZA","ALAJUELA","SAN CARLOS","1046039972","-8434461567","CAT 4","11","2/12/2025","IMPLEMENTADO","17370586(25Mbps-SATELITAL), 17456551(6Mbps-ADSL)"
"181","105064-00","6688","RÍO SAN CARLOS SECTOR ESTE","ALAJUELA","SAN CARLOS","1078347489","-8419401856","CAT 2","1","2/12/2025","IMPLEMENTADO","17357461(10Mbps-FO)"
"182","101284-00","1099","CALIFORNIA","ALAJUELA","ALAJUELA","999283477","-842009463","CAT 3","15","2/13/2025","IMPLEMENTADO","17348620(4Mbps-ADSL), 17448682(100Mbps-FO), 17567005(100Mbps-FO), 17567018(100Mbps-FO)"
"183","101718-00","1540","JUAN CHAVES ROJAS","ALAJUELA","SAN CARLOS","1032658345","-844321236","CAT 4","23","2/13/2025","IMPLEMENTADO","17313023(25Mbps-SATELITAL), 24603226(11Mbps-ADSL)"
"184","103033-00","2899","CENIZO","PUNTARENAS","CORREDORES","844467114","-829404873","CAT 2","","2/13/2025","IMPLEMENTADO","22001799(6Mbps-LTE), 27766223(2Mbps-ADSL)"
"185","104174-00","4127","EXPERIMENTAL BILINGÜE DE AGUA BUENA","PUNTARENAS","COTO BRUS","87471681","-8294854703","CAT 4","25","1/20/2025","IMPLEMENTADO","17309162(70Mbps-FO)"
"186","101550-00","1368","ZAPOTE","ALAJUELA","ZARCERO","1022452481","-8442418893","CAT 2","7","2/14/2025","IMPLEMENTADO","17370303(25Mbps-SATELITAL), 24634298(6Mbps-ADSL)"
"187","103861-00","3777","RONCADOR","PUNTARENAS","QUEPOS","941511163","-840958889","CAT 3","2","2/14/2025","IMPLEMENTADO","17357041(100Mbps-FO), 17370746(25Mbps-SATELITAL)"
"188","104039-00","3973","EXPERIMENTAL BILINGÜE LA TRINIDAD","SAN JOSE","MORAVIA","998589478","-8402565108","CAT 4","31","2/14/2025","IMPLEMENTADO","17309551(300Mbps-FO)"
"189","100626-00","421","JOSÉ FIGUERES FERRER","SAN JOSE","MONTES DE OCA","994510822","-8403343558","CAT 3","32","2/17/2025","IMPLEMENTADO","17343260(200Mbps-FO)"
"190","100878-00","682","JOSÉ MARÍA CAÑAS","SAN JOSE","MORA","983151998","-8423437879","CAT 3","1","2/17/2025","IMPLEMENTADO","17397851(15Mbps-FO)"
"191","101343-00","1158","ROGELIO SOTELA BONILLA","ALAJUELA","SAN MATEO","995968885","-8459059584","CAT 3","2","2/17/2025","IMPLEMENTADO","17436713(100Mbps-FO), 17697247(200Mbps-FO)"
"192","101440-00","1257","BAJO MATAMOROS","ALAJUELA","SAN RAMON","1010679544","-8450755394","CAT 2","2","2/17/2025","IMPLEMENTADO","17300880(10Mbps-FO), 17476846(100Mbps-FO)"
"193","101856-00","1682","SAN CAYETANO","ALAJUELA","SAN CARLOS","1037494577","-8428154664","CAT 2","2","2/17/2025","IMPLEMENTADO","17312894(25Mbps-SATELITAL), 17313208(100Mbps-FO), 24721508(2Mbps-ADSL)"
"194","102284-00","2119","LA ESPERANZA","HEREDIA","SARAPIQUI","1025611272","-8391455963","CAT 2","3","2/17/2025","IMPLEMENTADO","27641784(10Mbps-ADSL)"
"195","100627-00","422","JORGE VOLIO JIMÉNEZ","SAN JOSE","SANTA ANA","991209606","-8417876952","CAT 4","","2/18/2025","IMPLEMENTADO","17751127(100Mbps-FO)"
"196","101134-00","945","RÍO GRANDE","SAN JOSE","PEREZ ZELEDON","924409524","-836194856","CAT 3","","2/18/2025","IMPLEMENTADO","PENDIENTE"
"197","101450-00","1267","CAÑUELA","ALAJUELA","NARANJO","101419512","-8441093323","CAT 2","5","2/18/2025","IMPLEMENTADO","17363520(4Mbps-LD), 17567379(100Mbps-FO), 17986262(100Mbps-FO), 17989192(100Mbps-FO)"
"198","101489-00","1307","LA CUEVA","ALAJUELA","NARANJO","1011666207","-8442125281","CAT 3","3","2/18/2025","IMPLEMENTADO","17370914(25Mbps-SATELITAL), 17716876(10Mbps-ADSL)"
"199","101862-00","1688","PUERTO ESCONDIDO","ALAJUELA","SAN CARLOS","1046112855","-8428609854","CAT 3","13","2/18/2025","IMPLEMENTADO","17370298(25Mbps-SATELITAL), 24731367(4Mbps-ADSL), 24731369(10Mbps-ADSL)"
"200","101939-00","1766","CARRIZAL","SAN JOSE","LEON CORTES","967615184","-8405686641","CAT 2","2","2/18/2025","IMPLEMENTADO","17370324(25Mbps-SATELITAL), 17614417(6Mbps-ADSL)"
"201","102181-00","2013","EL CAS","CARTAGO","TURRIALBA","999228181","-8365880499","CAT 2","2","2/18/2025","IMPLEMENTADO","17370068(25Mbps-SATELITAL), 25590285(0,256Mbps-ADSL)"
"202","102214-00","2048","SANTA ROSA","CARTAGO","TURRIALBA","992539802","-8369702896","CAT 3","15","2/18/2025","IMPLEMENTADO","17338481(15Mbps-FO)"
"203","102380-00","2215","J.N. JUAN MORA FERNÁNDEZ","HEREDIA","SANTA BARBARA","1004167722","-841596556","CAT 3","9","2/18/2025","IMPLEMENTADO","17300671(10Mbps-FO), 17689216(100Mbps-FO), 22694051(100Mbps-FO)"
"204","103604-00","3506","CUATRO MILLAS","LIMON","MATINA","1010607346","-8325723196","CAT 3","2","2/18/2025","IMPLEMENTADO","22001903(6Mbps-LTE)"
"205","104713-00","5860","LICEO RURAL LAS NUBES CRISTO REY","ALAJUELA","LOS CHILES","1090896705","-8455249097","CAT 2","1","2/18/2025","IMPLEMENTADO","PENDIENTE"
"206","100654-00","451","J.N. JUSTO A. FACIO","SAN JOSE","SAN JOSE","992661938","-8407011364","CAT 2","","2/19/2025","IMPLEMENTADO","17831991(100Mbps-FO)"
"207","101453-00","1270","LA UNIÓN","ALAJUELA","PALMARES","1004594226","-8444114815","CAT 2","10","2/19/2025","IMPLEMENTADO","17370930(25Mbps-SATELITAL), 17569159(4Mbps-ADSL), 24530675(4Mbps-ADSL)"
"208","101522-00","1340","SALUSTIO CAMACHO MUÑOZ","ALAJUELA","ZARCERO","10209828","-8437630219","CAT 3","","2/19/2025","IMPLEMENTADO","17370934(25Mbps-SATELITAL)"
"209","101564-00","1382","AGUA AZUL","ALAJUELA","SAN CARLOS","1049670104","-8460908206","CAT 2","","2/19/2025","IMPLEMENTADO","17478812(100Mbps-FO)"
"210","103490-00","3386","SAN CLEMENTE","LIMON","LIMON","981856098","-8293625527","CAT 3","4","2/19/2025","IMPLEMENTADO","3-02924(100Mbps-FO)"
"211","103929-00","3851","FÁTIMA","ALAJUELA","UPALA","1098520179","-8518864925","CAT 3","","2/19/2025","IMPLEMENTADO","PENDIENTE"
"212","104028-00","3958","LICEO LABORATORIO EMMA GAMBOA UCR","SAN JOSE","MORAVIA","996429165","-8405419984","CAT 3","","2/19/2025","IMPLEMENTADO","17339631(30Mbps-FO)"
"213","105066-00","6714","LICEO NUEVO DE PURISICAL","SAN JOSE","PURISCAL","983623681","-8431857449","CAT 3","4","2/19/2025","IMPLEMENTADO","17370658(25Mbps-SATELITAL), 17768902(100Mbps-FO), 17768913(100Mbps-FO)"
"214","100658-00","455","CEDROS","SAN JOSE","MONTES DE OCA","994194378","-840277728","CAT 3","","2/20/2025","IMPLEMENTADO","17333911(200Mbps-FO)"
"215","100724-00","524","LA JOYA","SAN JOSE","DESAMPARADOS","98163082","-84081534","CAT 1","1","2/20/2025","IMPLEMENTADO","17312492(25Mbps-SATELITAL)"
"216","100935-00","741","LAS LOMAS","PUNTARENAS","BUENOS AIRES","91826512","-8333322679","CAT 3","3","2/20/2025","IMPLEMENTADO","PENDIENTE"
"217","101186-00","998","SANTA MARÍA","SAN JOSE","PEREZ ZELEDON","932066193","-8358342635","CAT 2","9","2/20/2025","IMPLEMENTADO","PENDIENTE"
"218","101534-00","1352","RÍO GRANDE","ALAJUELA","SAN RAMON","1007501655","-844552771","CAT 2","","2/20/2025","IMPLEMENTADO","17313048(25Mbps-SATELITAL), 17704521(100Mbps-FO)"
"219","102448-00","2285","LOS ÁNGELES","GUANACASTE","LA CRUZ","1104956047","-8540575067","CAT 2","1","2/20/2025","IMPLEMENTADO","22006697(6Mbps-LTE)"
"220","104417-00","5075","LICEO FRANCISCO AMIGUETTE HERRERA","ALAJUELA","SAN CARLOS","1036377755","-8443490176","CAT 3","","2/20/2025","IMPLEMENTADO","17370585(25Mbps-SATELITAL)"
"221","100758-00","559","CRISTÓBAL COLÓN","SAN JOSE","ACOSTA","979924684","-8416257462","CAT 3","1","2/21/2025","IMPLEMENTADO","17311795(25Mbps-SATELITAL)"
"222","103243-00","3120","DARIZARA","PUNTARENAS","CORREDORES","855603906","-828600543","CAT 3","1","2/21/2025","IMPLEMENTADO","17640917(5Mbps-ADSL)"
"223","104268-00","4229","C.T.P. DE JACÓ","PUNTARENAS","GARABITO","962776173","-846231437","","5","1/31/2025","IMPLEMENTADO","17339920(300Mbps-FO)"
"224","102436-00","2271","NUEVA GENERACIÓN","GUANACASTE","LIBERIA","1065960333","-8545570748","CAT 3","1","2/13/2025","IMPLEMENTADO","17362331(10Mbps-FO)"
"225","100573-00","364","J.N. REPÚBLICA DE PARAGUAY","SAN JOSE","SAN JOSE","991643494","-8409818785","CAT 2","2","2/27/2025","IMPLEMENTADO","17311832(25Mbps-SATELITAL), 17734770(100Mbps-FO)"
"226","102351-00","2186","PUEBLO NUEVO","HEREDIA","SARAPIQUI","1048246743","-8410653648","CAT 3","2","2/27/2025","IMPLEMENTADO","17338731(15Mbps-FO)"
"227","100848-00","652","SANTIAGO ALPÍZAR JIMÉNEZ","SAN JOSE","MORA","98712829","-8428157765","CAT 3","","3/3/2025","IMPLEMENTADO","17394731(15Mbps-FO)"
"228","101722-00","1544","LA CEIBA","ALAJUELA","SAN CARLOS","1041687714","-8444298244","CAT 3","","3/3/2025","IMPLEMENTADO","17313042(25Mbps-SATELITAL)"
"229","101812-00","1636","SAN JUAN","ALAJUELA","SAN CARLOS","1034347932","-844046155","CAT 3","","3/3/2025","IMPLEMENTADO","17370192(25Mbps-SATELITAL), 17467397(6Mbps-ADSL), 17475753(6Mbps-ADSL), 24605862(10Mbps-ADSL)"
"230","102416-00","2251","AGUA CALIENTE","GUANACASTE","BAGACES","1046828615","-8522504266","CAT 2","4","3/3/2025","IMPLEMENTADO","17370012(25Mbps-SATELITAL)"
"231","101276-00","1091","FÁTIMA","ALAJUELA","ATENAS","998825243","-8437972928","CAT 2","","3/4/2025","IMPLEMENTADO","17673477(200Mbps-FO)"
"232","101756-00","1579","LOS CHILES","ALAJUELA","SAN CARLOS","1039994412","-843374088","CAT 3","","3/4/2025","IMPLEMENTADO","17758736(100Mbps-FO)"
"233","102367-00","2202","SAN JOSÉ","HEREDIA","SAN RAFAEL","1000844276","-8411088882","CAT 3","","3/4/2025","IMPLEMENTADO","17352761(15Mbps-FO)"
"234","102664-00","2510","BENITO JUÁREZ GARCÍA","GUANACASTE","SANTA CRUZ","1022212614","-8559649216","CAT 3","","3/4/2025","IMPLEMENTADO","17693937(100Mbps-FO)"
"235","104474-00","5302","LICEO LOS ÁNGELES","ALAJUELA","SAN CARLOS","1050996234","-8430176117","CAT 3","","3/4/2025","IMPLEMENTADO","17343071(40Mbps-FO)"
"236","105035-00","6576","C.T.P. HENRI FRANÇOIS PITTIER","PUNTARENAS","COTO BRUS","892373722","-8294118958","CAT 3","1","3/6/2025","IMPLEMENTADO","17343341(200Mbps-FO), 22001149(6Mbps-LTE)"
"237","101239-00","1051","LAS BRISAS","PUNTARENAS","BUENOS AIRES","914332843","-8322235189","CAT 3","4","3/7/2025","IMPLEMENTADO","17409011(10Mbps-ADSL)"
"238","104113-00","4064","COLEGIO FRANCISCA CARRASCO JIMÉNEZ","CARTAGO","CARTAGO","985918203","-83,94161398","CAT 4","0","3/9/2025","IMPLEMENTADO","17335760(65Mbps-FO)"
"239","104026-00","3956","LICEO EDGAR CERVANTES VILLALTA","SAN JOSE","SAN JOSE","9,92003203","-84,09932397","CAT 5","","3/12/2025","IMPLEMENTADO","17314842(100Mbps-FO)"
"240","104091-00","4038","EXPERIMENTAL BILINGÜE DE NARANJO","ALAJUELA","NARANJO","10,10207037","-84,36535352","CAT 4","","3/12/2025","IMPLEMENTADO","17309242(90Mbps-FO)"
"241","104010-00","3939","LICEO ANASTASIO ALFARO","SAN JOSE","MONTES DE OCA","9,93986054","-84,05702708","CAT 4","","3/13/2025","IMPLEMENTADO","17332281(35Mbps-FO)"
"242","104023-00","3952","LICEO DE ESCAZU","SAN JOSE","ESCAZU","9,91442073","-84,13802877","CAT 5","","3/13/2025","IMPLEMENTADO","17304822(120Mbps-FO), 17751302(6Mbps-ADSL), 17763696(6Mbps-ADSL)"
"243","104056-00","3997","LICEO DE PURISCAL","SAN JOSE","PURISCAL","9,84716076","-84,31321093","CAT 4","","3/13/2025","IMPLEMENTADO","17396981(120Mbps-FO)"
"244","104126-00","4077","LICEO ING. SAMUEL SAÉNZ FLORES","HEREDIA","HEREDIA","9,99842886","-84,12895397","CAT 5","","3/13/2025","IMPLEMENTADO","17335711(100Mbps-FO)"
"245","104129-00","4080","LICEO ING. CARLOS PASCUA ZÚÑIGA","HEREDIA","SAN RAFAEL","10,01054389","-84,09954056","CAT 4","1","3/13/2025","IMPLEMENTADO","17346301(100Mbps-FO)"
"246","104222-00","4180","C.T.P. DE PITAL","ALAJUELA","SAN CARLOS","10,44950795","-84,27228434","CAT 5","1","3/13/2025","IMPLEMENTADO","17303612(300Mbps-FO)"
"247","104752-00","5979","LICEO SAN NICOLÁS DE TOLENTINO","CARTAGO","CARTAGO","9,87528222","-83,93268307","CAT 4","","3/13/2025","IMPLEMENTADO","17326381(90Mbps-FO)"
"248","104054-00","3995","LICEO JOAQUÍN GUTIÉRREZ MANGEL","SAN JOSE","DESAMPARADOS","9,87503115","-84,0779381","CAT 4","15","3/14/2025","IMPLEMENTADO","17331561(60Mbps-FO), 17751191(20Mbps-ADSL), 17751195(10Mbps-ADSL), 17751204(10Mbps-ADSL)"
"249","104055-00","3996","LICEO DIURNO CIUDAD COLÓN","SAN JOSE","MORA","9,91805244","-84,23730369","CAT 4","","3/14/2025","IMPLEMENTADO","17330711(200Mbps-FO)"
"250","104104-00","4051","COLEGIO SAN LUIS GONZAGA","CARTAGO","CARTAGO","9,86289314","-83,92263097","CAT 5","","3/14/2025","IMPLEMENTADO","17686859(10Mbps-ADSL)"
"251","104202-00","4160","C.T.P. JOSÉ FIGUERES FERRER","SAN JOSE","DESAMPARADOS","9,73782009","-83,99602564","CAT 5","","3/14/2025","IMPLEMENTADO","17303022(500Mbps-FO)"
"252","104998-00","6527","C.T.P. MÁXIMO QUESADA","SAN JOSE","DESAMPARADOS","9,87412436","-84,03327256","CAT 5","0","3/14/2025","IMPLEMENTADO","17300617(300Mbps-FO)"
"253","105054-00","6639","C.T.P. DEL ESTE","HEREDIA","SANTO DOMINGO","9,98300744","-84,0562297","CAT 4","","3/14/2025","IMPLEMENTADO","17327231(200Mbps-FO)"
"254","101333-00","1148","EL ROBLE","ALAJUELA","ALAJUELA","9,98768825","-84,24349532","CAT 5","19","3/17/2025","IMPLEMENTADO","17338571(100Mbps-FO)"
"255","104029-00","3959","LICEO SANTA ANA","SAN JOSE","SANTA ANA","9,9329655","-84,19190907","CAT 5","","3/17/2025","IMPLEMENTADO","17332221(200Mbps-FO)"
"256","104030-00","3960","LICEO DE CURRIDABAT","SAN JOSE","CURRIDABAT","9,90936114","-84,03230445","CAT 4","","3/17/2025","IMPLEMENTADO","17300489(55Mbps-FO)"
"257","104081-00","4027","LICEO SAN RAFAEL","ALAJUELA","ALAJUELA","9,9693643","-84,22384046","CAT 5","","3/17/2025","IMPLEMENTADO","17342541(100Mbps-FO)"
"258","100792-00","593","DOS CERCAS","SAN JOSE","DESAMPARADOS","9,8927015","-84,04509087","CAT 3","16","3/18/2025","IMPLEMENTADO","17305781(30Mbps-FO)"
"259","104073-00","4018","INSTITUTO DE ALAJUELA","ALAJUELA","ALAJUELA","10,02089599","-84,2109207","CAT 5","","3/18/2025","IMPLEMENTADO","17549477(100Mbps-FO), 17610524(100Mbps-FO), 17661362(100Mbps-FO), 17661364(100Mbps-FO)"
"260","104082-00","4028","COLEGIO REDENTORISTA SAN ALFONSO","ALAJUELA","ALAJUELA","10,01827956","-84,20094119","CAT 5","","3/18/2025","IMPLEMENTADO","17332511(300Mbps-FO)"
"261","104042-00","3978","COLEGIO RINCÓN GRANDE","SAN JOSE","SAN JOSE","9,95746697","-84,15784926","CAT 5","1","3/19/2025","IMPLEMENTADO","17309351(500Mbps-FO)"
"262","101570-00","1388","MARIO SALAZAR MORA","ALAJUELA","SAN CARLOS","10,37649369","-84,34056223","CAT 4","19","3/20/2025","IMPLEMENTADO","17370296(25Mbps-SATELITAL), 24744326(20Mbps-ADSL)"
"263","104181-00","4134","LICEO MARIO BOURNE BOURNE","LIMON","LIMON","9,98452853","-83,05841676","CAT 5","0","3/26/2025","IMPLEMENTADO","17309462(200Mbps-FO)"
"264","100587-00","379","PACÍFICA FERNÁNDEZ OREAMUNO","SAN JOSE","SAN JOSE","9,91433669","-84,10020121","NO ESPECIFICADO","0","3/27/2025","IMPLEMENTADO","17333081(30Mbps-FO)"
"265","101897-00","1724","WINSTON CHURCHILL SPENCER","CARTAGO","CARTAGO","9,86256738","-83,91400669","CAT 4","1","3/27/2025","IMPLEMENTADO","17316192(65Mbps-FO)"
"266","103731-00","3636","LOS DIAMANTES","LIMON","POCOCI","10,21365069","-83,7782168","CAT 4","0","3/27/2025","IMPLEMENTADO","17426875(100Mbps-FO), 17426880(100Mbps-FO)"
"267","103798-00","3708","INVU LA GUARIA","PUNTARENAS","PARRITA","9,52074036","-84,34006563","CAT 2","0","3/27/2025","IMPLEMENTADO","17370252(25Mbps-SATELITAL), 17703433(100Mbps-FO)"
"268","104161-00","4114","EXPERIMENTAL BILINGÜE DE NUEVO ARENAL","GUANACASTE","TILARAN","10,54651514","-84,89413084","CAT 3","0","3/27/2025","IMPLEMENTADO","17309561(100Mbps-FO)"
"269","104419-00","5077","COLEGIO RODRIGO HERNÁNDEZ VARGAS","HEREDIA","BARVA","10,02128537","-84,11975967","CAT 4","0","3/27/2025","IMPLEMENTADO","17340261(200Mbps-FO), 17657354(100Mbps-FO)"
"270","104429-00","5133","LICEO RURAL LOS ÁNGELES DE PÁRAMO","SAN JOSE","PEREZ ZELEDON","9,47923811","-83,80146885","CAT 2","1","3/27/2025","IMPLEMENTADO","17340711(45Mbps-FO), 17370998(25Mbps-SATELITAL)"
"271","104721-00","5869","LICEO AEROPUERTO JERUSALÉN","SAN JOSE","PEREZ ZELEDON","9,34484988","-83,71812869","CAT 3","0","3/27/2025","IMPLEMENTADO","17300140(100Mbps-FO)"
"272","102374-00","2209","PEDRO MARÍA BADILLA BOLAÑOS","HEREDIA","SAN RAFAEL","10,01474319","-84,10057707","CAT 4","19","3/28/2025","IMPLEMENTADO","17328281(80Mbps-FO)"
"273","104070-00","4013","COLEGIO TUETAL NORTE","ALAJUELA","ALAJUELA","10,03364975","-84,23272838","CAT 4","4","3/28/2025","IMPLEMENTADO","17338301(35Mbps-FO)"
"274","104114-00","4065","COLEGIO ALEJANDRO QUESADA R.","CARTAGO","LA UNION","9,93018408","-83,99258088","CAT 4","20","3/28/2025","IMPLEMENTADO","17301970(300Mbps-FO)"
"275","103482-00","3375","LIVERPOOL","LIMON","LIMON","9,9911824","-83,12955118","CAT 3","0","3/31/2025","IMPLEMENTADO","17330182(30Mbps-FO)"
"276","103569-00","3469","RAFAEL YGLESIAS CASTRO","LIMON","LIMON","9,99391374","-83,03026186","CAT 3","0","3/31/2025","IMPLEMENTADO","17370767(25Mbps-SATELITAL), 17760929(10Mbps-ADSL)"
"277","103733-00","3638","MANUEL MARÍA GUTIÉRREZ ZAMORA","LIMON","GUACIMO","10,20884333","-83,68316568","CAT 4","0","3/31/2025","IMPLEMENTADO","17370826(25Mbps-SATELITAL), 17425589(20Mbps-ADSL)"
"278","100559-00","350","GUACHIPELÍN","SAN JOSE","ESCAZU","9,94433536","-84,15935382","NO ESPECIFICADO","0","4/2/2025","IMPLEMENTADO","17300286(10Mbps-FO), 17458992(100Mbps-FO)"
"279","103032-00","2998","Escuela Alberto Echandi Montero","PUNTARENAS","CORREDORES","865055767","-82,94369043","CAT 3","0","4/9/2025","IMPLEMENTADO","17592559(100Mbps-FO), 17678633(100Mbps-FO)"
"280","104230-00","4190","C.T.P. DE FLORES","HEREDIA","FLORES","1000901608","-84,16343532","CAT 4","0","4/9/2025","IMPLEMENTADO","17757893(200Mbps-FO), 17764000(200Mbps-FO), 17764001(200Mbps-FO), 17764002(200Mbps-FO)"
"281","104689-00","1871","SAN DIEGO","CARTAGO","LA UNION","990140857","-84,0009369","CAT 5","4","4/9/2025","IMPLEMENTADO","17495476(500Mbps-FO), 17754019(4Mbps-ADSL), 17695870(200Mbps-FO), 22795011(200Mbps-FO)"
"282","100592-00","384","J.N. CRISTO REY","SAN JOSE","SAN JOSE","992094303","-84,08355207","CAT 2","0","4/10/2025","IMPLEMENTADO","17336991(15Mbps-FO)"
"283","100715-00","514","DR. RAFAEL CALDERÓN MUÑOZ","SAN JOSE","DESAMPARADOS","985766863","-84,05345938","CAT 5","0","4/10/2025","IMPLEMENTADO","17315431(100Mbps-FO)"
"284","103757-00","3663","BARRIO LOS ÁNGELES","LIMON","POCOCI","1021022336","-83,79576277","CAT 4","0","4/10/2025","IMPLEMENTADO","17427227(100Mbps-FO), 17427238(100Mbps-FO)"
"285","104128-00","4079","LICEO REGIONAL DE FLORES","HEREDIA","FLORES","1000305387","-84,15454661","CAT 5","0","4/15/2025","IMPLEMENTADO","17340361(80Mbps-FO)"
"286","104997-00","6526","C.T.P. MERCEDES NORTE","HEREDIA","HEREDIA","1001189745","-8412964979","CAT 4","SIN_DATA","4/15/2025","IMPLEMENTADO","17309691(300Mbps-FO)"
"287","100589-00","381","LAS NUBES","SAN JOSE","VASQUEZ DE CORONADO","998707665","-83,96098459","CAT 3","0","4/16/2025","IMPLEMENTADO","17370634(25Mbps-SATELITAL), 17648734(100Mbps-FO)"
"288","104167-00","4120","LICEO ANTONIO OBANDO CHAN","PUNTARENAS","PUNTARENAS","997909353","-84,72186555","CAT 5","0","4/16/2025","IMPLEMENTADO","17621919(100Mbps-FO), 17659840(100Mbps-FO)"
"289","104172-00","4125","LICEO CIUDAD NEILY","PUNTARENAS","CORREDORES","86516495","-82,94416973","CAT 5","0","4/22/2025","IMPLEMENTADO","17328082(100Mbps-FO), 27833970(100Mbps-FO)"
"290","101275-00","1090","LA PRADERA","ALAJUELA","ALAJUELA","997358405","-84,25672142","CAT 3","0","4/28/2025","IMPLEMENTADO","17366811(15Mbps-FO)"
"291","102336-00","2171","LOS CARTAGOS","HEREDIA","SANTA BARBARA","1014000978","-84,15859325","CAT 1","0","4/28/2025","IMPLEMENTADO","17312522(10Mbps-FO), 17654238(100Mbps-FO)"
"292","100584-00","376","LA TRINIDAD","SAN JOSE","MORAVIA","997298652","-84,03298738","CAT 3","0","4/28/2025","IMPLEMENTADO","17332991(40Mbps-FO)"
"293","101830-00","1655","SANTA TERESA NORTE","ALAJUELA","SAN CARLOS","1055735987","-84,45825178","CAT 1","0","4/28/2025","IMPLEMENTADO","17356951(100Mbps-FO)"
"294","104051-00","3990","LICEO DE FRAILES","SAN JOSE","DESAMPARADOS","97516193","-84,05687071","CAT 3","0","4/30/2025","IMPLEMENTADO","17304841(200Mbps-FO)"
"295","104706-00","5852","LICEO PICAGRES DE MORA","SAN JOSE","MORA","990598305","-84,34418714","CAT 2","0","4/30/2025","IMPLEMENTADO","17399841(50Mbps-FO)"
"296","101287-00","1102","BARROETA","ALAJUELA","ATENAS","994428789","-84,45765247","CAT 1","0","5/5/2025","IMPLEMENTADO","17690314(100Mbps-FO)"
"297","102832-00","2686","SANDIAL","GUANACASTE","CAÑAS","1045844859","-85,10493189","CAT 1","0","5/5/2025","IMPLEMENTADO","17370005(25Mbps-SATELITAL), 17710718(100Mbps-FO), 17749839(100Mbps-FO)"
"298","104995-00","6524","C.T.P. SAN ISIDRO DE HEREDIA","HEREDIA","SAN ISIDRO","1001956373","-84,03432468","CAT 4","0","5/5/2025","IMPLEMENTADO","17308612(200Mbps-FO)"
"299","102269-00","2104","SAN MARTÍN","HEREDIA","BARVA","1008057114","-84,1278285","CAT 1","0","5/6/2025","IMPLEMENTADO","17756986(100Mbps-FO)"
"300","102377-00","2212","CALLE QUIRÓS","HEREDIA","SANTA BARBARA","1007126064","-84,1479464","CAT 2","0","5/6/2025","IMPLEMENTADO","17340291(80Mbps-FO)"
"301","103847-00","3762","PLAYÓN SUR","PUNTARENAS","PARRITA","959034253","-84,33265003","CAT 2","0","5/6/2025","IMPLEMENTADO","17418318(2Mbps-ADSL), 27785152(100Mbps-FO)"
"302","103436-00","3327","CARBÓN #1","LIMON","TALAMANCA","9.70190527","-82.84398124","CAT 1","","5/7/2025","IMPLEMENTADO","17414967(100Mbps-FO)"
"303","103703-00","3608","EL EDÉN","LIMON","GUACIMO","10.23655388","-83.72079416","CAT 1","","5/7/2025","IMPLEMENTADO","17760398(100Mbps-FO)"
"304","101384-00","1200","SAN ISIDRO","ALAJUELA","ATENAS","9.991784","-84.42193623","CAT 1","","5/7/2025","IMPLEMENTADO","17918081(100Mbps-FO)"
"305","101458-00","1275","CAROLINA RODRÍGUEZ DE MIRAMBELL","ALAJUELA","SAN RAMON","10.12850943","-84.56122963","CAT 1","","5/7/2025","IMPLEMENTADO","17756394(100Mbps-FO)"
"306","100837-00","641","EL SUR","SAN JOSE","TURRUBARES","974030804","-84,52354031","CAT 1","0","5/8/2025","IMPLEMENTADO","17341081(10Mbps-FO)"
"307","101357-00","1173","LOS ÁNGELES","ALAJUELA","GRECIA","1009513957","-84,31507657","CAT 3","0","5/8/2025","IMPLEMENTADO","17546345(100Mbps-FO), 17547260(100Mbps-FO), 17659471(100Mbps-FO), 17754460(100Mbps-FO)"
"308","103359-00","3242","SAN RAFAEL","PUNTARENAS","CORREDORES","865112197","-82,92725042","CAT 1","0","5/8/2025","IMPLEMENTADO","17755155(100Mbps-FO)"
"309","100543-00","334","COSTA RICA","SAN JOSE","SAN JOSE","994239283","-84,09307608","CAT 3","0","5/9/2025","IMPLEMENTADO","17518369(200Mbps-FO), 22220084(30Mbps-ADSL)"
"310","100868-00","672","MAURO FERNÁNDEZ ACUÑA","SAN JOSE","TURRUBARES","987169144","-84,52621516","CAT 1","0","5/9/2025","IMPLEMENTADO","17331061(15Mbps-FO)"
"311","102327-00","2162","LABORATORIO","HEREDIA","SAN RAFAEL","100056193","-84,10948556","CAT 3","0","5/9/2025","IMPLEMENTADO","17335021(100Mbps-FO)"
"312","102094-00","1925","BUENA VISTA","CARTAGO","ALVARADO","9.93037705","-83.79809748","CAT 1","0","5/9/2025","IMPLEMENTADO","17966821(100Mbps-FO)"
"313","100566-00","357","SAN FRANCISCO","SAN JOSE","VASQUEZ DE CORONADO","997299463","-83,99968052","CAT 4","0","5/12/2025","IMPLEMENTADO","17337211(200Mbps-FO)"
"314","101338-00","1153","GUÁCIMO","ALAJUELA","ATENAS","995237096","-84,40312809","CAT 1","0","5/12/2025","IMPLEMENTADO","17300590(100Mbps-FO)"
"315","101921-00","1748","LA GUARIA","SAN JOSE","DESAMPARADOS","971797689","-83,95033489","CAT 2","0","5/12/2025","IMPLEMENTADO","17366611(100Mbps-FO)"
"316","101309-00","1124","I.E.G.B. MARÍA VARGAS RODRÍGUEZ","ALAJUELA","ALAJUELA","998178418","-84,25935352","CAT 5","0","5/13/2025","IMPLEMENTADO","17300340(100Mbps-FO), 17617992(200Mbps-FO)"
"317","103510-00","3407","LOS CORALES","LIMON","LIMON","99972448","-83,0431586","CAT 4","0","5/13/2025","IMPLEMENTADO","17339681(50Mbps-FO)"
"318","100884-00","688","NINFA CABEZAS GONZÁLEZ","SAN JOSE","MORA","986933762","-84,23932183","CAT 3","0","5/14/2025","IMPLEMENTADO","17350201(30Mbps-FO), 24183263(10Mbps-ADSL)"
"319","102434-00","2269","RODEITO","GUANACASTE","LIBERIA","1063961298","-85,49323207","CAT 1","0","5/14/2025","IMPLEMENTADO","17648714(100Mbps-FO)"
"320","103737-00","3642","PARISMINA","LIMON","GUACIMO","1019779985","-83,6485552","CAT 2","0","5/14/2025","IMPLEMENTADO","17370825(25Mbps-SATELITAL), 17425919(10Mbps-FO)"
"321","104672-00","5808","J.N. FEDERICO SALAS CARVAJAL","ALAJUELA","SAN RAMON","1010565912","-84,46505337","CAT 2","0","5/15/2025","IMPLEMENTADO","17700987(200Mbps-FO)"
"322","104786-00","6032","C.T.P. FERNANDO VOLIO JIMÉNEZ","CARTAGO","CARTAGO","984473037","-83,99442555","CAT 4","0","5/15/2025","IMPLEMENTADO","17331631(500Mbps-FO)"
"323","104788-00","6034","C.T.P. TRONADORA","GUANACASTE","TILARAN","1050303002","-84,92438797","CAT 3","0","5/15/2025","IMPLEMENTADO","17328141(200Mbps-FO)"
"324","105004-00","6533","C.T.P. OREAMUNO","CARTAGO","OREAMUNO","98716125","-83,89041977","CAT 3","0","5/15/2025","IMPLEMENTADO","17384351(55Mbps-FO)"
"325","100547-00","338","APOLINAR LOBO UMAÑA","HEREDIA","SANTO DOMINGO","99931875","-84,02551454","CAT 4","0","5/16/2025","IMPLEMENTADO","17366271(15Mbps-FO), 17382041(200Mbps-FO)"
"326","101418-00","1234","ALTO DEL MONTE","ALAJUELA","ATENAS","997178599","-84,43970608","CAT 1","0","5/16/2025","IMPLEMENTADO","17761808(100Mbps-FO), 24466140(4Mbps-ADSL)"
"327","101800-00","1624","SAN BOSCO","ALAJUELA","SAN CARLOS","1063288323","-84,57544941","CAT 1","0","5/16/2025","IMPLEMENTADO","17345581(15Mbps-FO), 17349170(10Mbps-FO)"
"328","104075-00","4020","LICEO LEÓN CORTÉS CASTRO","ALAJUELA","GRECIA","1008214199","-84,31264387","CAT 4","0","5/16/2025","IMPLEMENTADO","17630882(100Mbps-FO), 17655422(200Mbps-FO), 17655423(100Mbps-FO)"
"329","105000-00","6529","C.T.P. ABELARDO BONILLA BALDARES","HEREDIA","SANTO DOMINGO","999263472","-84,02402963","CAT 4","0","5/16/2025","IMPLEMENTADO","17309571(100Mbps-FO)"
"330","105007-00","6536","C.T.P. ROSARIO DE NARANJO","ALAJUELA","NARANJO","1004908974","-84,36907639","CAT 4","0","5/16/2025","IMPLEMENTADO","17374651(200Mbps-FO), 17418477(100Mbps-FO), 17568561(100Mbps-FO), 17568562(100Mbps-FO), 17677415(100Mbps-FO)"
"331","102899-00","2758","RAFAEL ARGUEDAS HERRERA","PUNTARENAS","PUNTARENAS","1031377593","-84,81679817","CAT 2","0","5/19/2025","IMPLEMENTADO","26455386(100Mbps-FO)"
"332","100914-00","720","BAJO BURGOS","SAN JOSE","PURISCAL","986643809","-84,34745617","CAT 1","0","5/20/2025","IMPLEMENTADO","17351851(15Mbps-FO)"
"333","102227-00","2061","EL CARMEN LA SUIZA","CARTAGO","TURRIALBA","986206591","-83,62209896","CAT 1","0","5/20/2025","IMPLEMENTADO","17331111(15Mbps-FO)"
"334","102490-00","2327","SONZAPOTE","GUANACASTE","LA CRUZ","111112802","-85,61010123","CAT 1","0","5/20/2025","IMPLEMENTADO","17333781(100Mbps-FO)"
"335","103191-00","3068","ANA MARÍA GUARDIA MORA","PUNTARENAS","GOLFITO","861701292","-83,14274456","CAT 2","0","5/22/2025","IMPLEMENTADO","17370264(25Mbps-SATELITAL), 27750456(1Mbps-ADSL), 27752578(100Mbps-FO)"
"336","104005-00","3929","SAN BOSCO","ALAJUELA","UPALA","1101844649","-85,25200245","CAT 1","0","5/22/2025","IMPLEMENTADO","17300138(15Mbps-FO)"
"337","105038-00","6579","C.T.P. DE LIVERPOOL","LIMON","LIMON","999356926","-83,12883387","CAT 4","0","5/22/2025","IMPLEMENTADO","17343281(120Mbps-FO)"
"338","100527-00","318","LA PEREGRINA","SAN JOSE","SAN JOSE","995606208","-84,10081941","CAT 3","0","5/26/2025","IMPLEMENTADO","17342471(100Mbps-FO)"
"339","100551-00","342","LOMAS DEL RÍO","SAN JOSE","SAN JOSE","995963932","-84,16217913","CAT 4","0","5/26/2025","IMPLEMENTADO","17337521(95Mbps-FO)"
"340","101347-00","1162","JUAN RAFAEL MEOÑO HIDALGO","ALAJUELA","ALAJUELA","1001956895","-84,20572617","CAT 4","0","5/26/2025","IMPLEMENTADO","17334451(50Mbps-FO)"
"341","101852-00","1677","EL CACHITO","ALAJUELA","LOS CHILES","1103172233","-84,64326876","CAT 1","0","5/26/2025","IMPLEMENTADO","17373901(80Mbps-P2P)"
"342","102122-00","1953","LOURDES","CARTAGO","JIMENEZ","9.90742713","-83.77579467","CAT 1","0","5/26/2025","IMPLEMENTADO","17382641(10Mbps-FO)"
"343","102137-00","1968","BONILLA","CARTAGO","TURRIALBA","1002278078","-83,68874663","CAT 1","0","5/27/2025","IMPLEMENTADO","17353541(10Mbps-FO), 17390621(10Mbps-FO)"
"344","102495-00","2332","PUERTO JESÚS","GUANACASTE","NICOYA","1011199185","-85,2707055","CAT 1","0","5/27/2025","IMPLEMENTADO","17356831(10Mbps-FO), 22007846(6Mbps-LTE)"
"345","102624-00","2469","SAN RAMÓN","GUANACASTE","NICOYA","996454006","-85,51744327","CAT 1","0","5/27/2025","IMPLEMENTADO","17328691(15Mbps-FO), 22006598(6Mbps-LTE)"
"346","103413-00","3303","BALVANERO VARGAS MOLINA","LIMON","LIMON","997458437","-83,03176502","CAT 4","0","5/27/2025","IMPLEMENTADO","17328411(40Mbps-FO)"
"347","104433-00","5139","LICEO  POASITO","ALAJUELA","ALAJUELA","101636395","-84,19523084","CAT 3","0","5/27/2025","IMPLEMENTADO","17332981(200Mbps-FO), 17606461(20Mbps-FO)"
"348","104978-00","6465","LICEO RURAL VILLA HERMOSA","PUNTARENAS","BUENOS AIRES","914588608","-83,27651569","CAT 2","0","5/27/2025","IMPLEMENTADO","17385301(30Mbps-FO), 22001224(6Mbps-LTE)"
"349","102575-00","2417","MATAMBUGUITO","GUANACASTE","NICOYA","1010635893","-85,41063819","CAT 1","0","5/28/2025","IMPLEMENTADO","17362221(10Mbps-FO), 22006166(6Mbps-LTE)"
"350","100593-00","385","J.N. DANTE ALIGHIERI","SAN JOSE","MONTES DE OCA","9933187","-84,041186","CAT 1","0","5/28/2025","IMPLEMENTADO","17351201(100Mbps-FO)"
"351","101178-00","989","FLORENCIA DE MATAZANOS","SAN JOSE","PEREZ ZELEDON","94165041","-83,72593689","CAT 2","0","5/28/2025","IMPLEMENTADO","17370722(25Mbps-SATELITAL), 27718634(100Mbps-FO)"
"352","104992-00","6508","C.T.P. SAN RAFAEL DE POÁS","ALAJUELA","POAS","1009218983","-84,25547333","CAT 4","0","5/28/2025","IMPLEMENTADO","17309112(200Mbps-FO)"
"353","102825-00","2678","LAS PARCELAS","GUANACASTE","TILARAN","1055389383","-84,89274403","CAT 1","0","5/28/2025","IMPLEMENTADO","17386720(80Mbps-P2P)"
"354","100531-00","322","PÍO XII","SAN JOSE","VASQUEZ DE CORONADO","1000291706","-83,95917244","CAT 3","0","5/29/2025","IMPLEMENTADO","17370631(25Mbps-SATELITAL), 17648670(100Mbps-FO)"
"355","101406-00","1222","URBANO OVIEDO ALFARO","ALAJUELA","GRECIA","1009593008","-84,27480698","CAT 1","0","5/29/2025","IMPLEMENTADO","24943444(100Mbps-FO)"
"356","102184-00","2016","MOLLEJONES","CARTAGO","TURRIALBA","990124827","-83,56348429","CAT 1","0","5/29/2025","IMPLEMENTADO","17334961(10Mbps-FO)"
"357","102225-00","2059","LAS VIRTUDES","CARTAGO","TURRIALBA","998417865","-83,74257183","CAT 1","0","5/29/2025","IMPLEMENTADO","17352721(100Mbps-FO)"
"358","102761-00","2610","ASENTAMIENTO NUEVO ARENAL","GUANACASTE","TILARAN","1054559718","-84,86342066","CAT 1","0","5/29/2025","IMPLEMENTADO","17394591(10Mbps-FO)"
"359","100568-00","359","MONSERRAT","SAN JOSE","VASQUEZ DE CORONADO","1003137369","-83,93509173","CAT 1","0","5/30/2025","IMPLEMENTADO","17476123(100Mbps-FO)"
"360","100590-00","382","MONSEÑOR ANSELMO LLORENTE Y LA FUENTE","SAN JOSE","TIBAS","995544329","-84,06932274","CAT 3","0","5/30/2025","IMPLEMENTADO","17333101(20Mbps-FO)"
"361","102175-00","2007","VERBENA NORTE","CARTAGO","TURRIALBA","994561002","-83,703556","CAT 1","0","5/30/2025","IMPLEMENTADO","17342961(100Mbps-FO)"
"362","104084-00","4030","EXPERIMENTAL BILINGÜE DE GRECIA","ALAJUELA","GRECIA","1007903322","-84,32107945","CAT 3","0","5/30/2025","IMPLEMENTADO","17309501(200Mbps-FO)"
"363","102802-00","2654","LA UNIÓN","GUANACASTE","TILARAN","1050179126","-84,84366157","CAT 1","0","6/2/2025","IMPLEMENTADO","17395931(15Mbps-FO)"
"364","103636-00","3541","ANITA GRANDE","LIMON","POCOCI","1024128617","-83,72902652","CAT 3","0","6/2/2025","IMPLEMENTADO","17370785(25Mbps-SATELITAL), 17715221(100Mbps-FO), 17751004(100Mbps-FO)"
"365","103301-00","3181","CENTRAL COTO 47","PUNTARENAS","CORREDORES","860129434","-82,96682777","CAT 2","0","6/2/2025","IMPLEMENTADO","17341191(10Mbps-FO), 27811103(2Mbps-ADSL)"
"366","103883-00","3803","LAS LETRAS","ALAJUELA","GUATUSO","1078977913","-84,91218979","CAT 1","0","6/2/2025","IMPLEMENTADO","17364961(80Mbps-P2P)"
"367","100521-00","310","BRASIL DE SANTA ANA","SAN JOSE","SANTA ANA","9.93543488","-84.22480796","CAT 3","0","6/2/2025","IMPLEMENTADO","17300621(10Mbps-FO)"
"368","101657-00","1478","CHAMBACU","ALAJUELA","SAN CARLOS","1058938321","-84,61373682","CAT 1","0","6/3/2025","IMPLEMENTADO","17310221(80Mbps-P2P)"
"369","102782-00","2631","SAN LUIS","GUANACASTE","TILARAN","1050323297","-84,94236901","CAT 2","0","6/3/2025","IMPLEMENTADO","17358981(15Mbps-FO)"
"370","103585-00","3486","SANTA EDUVIGES","LIMON","LIMON","100010047","-83,0387501","CAT 3","0","6/3/2025","IMPLEMENTADO","17513359(200Mbps-FO), 17714494(100Mbps-FO), 17715798(100Mbps-FO)"
"371","103376-00","3262","COTO 49","PUNTARENAS","CORREDORES","862999616","-82,96828457","CAT 1","0","6/3/2025","IMPLEMENTADO","17307732(15Mbps-FO)"
"372","103326-00","3206","LA UNIÓN DEL SUR","PUNTARENAS","GOLFITO","848766042","-83.01036209","CAT 1","0","6/3/2025","IMPLEMENTADO","17707474(100Mbps-FO), 22001863(6Mbps-LTE)"
"373","102169-00","2001","LA GLORIA","CARTAGO","JIMENEZ","986811357","-83,73041677","CAT 1","0","6/3/2025","IMPLEMENTADO","17300603(10Mbps-FO)"
"374","102466-00","2303","LOS ANDES","GUANACASTE","LA CRUZ","1110894944","-85,51674797","CAT 1","0","6/4/2025","IMPLEMENTADO","17357411(100Mbps-FO), 22007587(6Mbps-LTE)"
"375","101468-00","1286","EL SALVADOR","ALAJUELA","SAN RAMON","1008457063","-84,61162781","CAT 1","0","6/4/2025","IMPLEMENTADO","17536306(100Mbps-FO)"
"376","104566-00","5570","EL ROBLE","GUANACASTE","TILARAN","1049743595","-84,9383867","CAT 1","0","6/4/2025","IMPLEMENTADO","17383320(15Mbps-FO)"
"377","102218-00","2052","VERBENA SUR","CARTAGO","TURRIALBA","994109895","-83,70143933","CAT 1","0","6/4/2025","IMPLEMENTADO","17341481(15Mbps-FO)"
"378","103788-00","3698","GUAPINOL NORTE","PUNTARENAS","PARRITA","957309781","-84,41314118","CAT 1","0","6/4/2025","IMPLEMENTADO","17370255(25Mbps-SATELITAL), 17747630(100Mbps-FO)"
"379","104093-00","4040","LICEO DE ALFARO RUIZ","ALAJUELA","ZARCERO","1017955233","-84,39224026","CAT 3","0","6/4/2025","IMPLEMENTADO","17306741(200Mbps-FO)"
"380","102144-00","1975","EL CARMEN","CARTAGO","TURRIALBA","995727423","-83,71713204","CAT 1","0","6/4/2025","IMPLEMENTADO","17334001(15Mbps-FO)"
"381","101514-00","1332","MIGUEL CARBALLO CORRALES","ALAJUELA","NARANJO","10.16017759","-84.37473804","CAT 1","0","6/4/2025","IMPLEMENTADO","17559709(100Mbps-FO), 21006660(10Mbps-ADSL)"
"382","102794-00","2643","BELLO HORIZONTE","GUANACASTE","CAÑAS","104331394","-85,07597916","CAT 2","0","6/5/2025","IMPLEMENTADO","17358931(100Mbps-FO)"
"383","102759-00","2608","MONSEÑOR MORERA VEGA","GUANACASTE","TILARAN","104560891","-84,94257967","CAT 1","0","6/5/2025","IMPLEMENTADO","17352901(100Mbps-FO)"
"384","100596-00","388","GENERAL MANUEL BELGRANO GONZÁLEZ","SAN JOSE","SAN JOSE","992080102","-84,09564449","CAT 3","0","6/5/2025","IMPLEMENTADO","17312656(25Mbps-SATELITAL), 17734387(200Mbps-FO)"
"385","102876-00","2734","CALDERA","PUNTARENAS","ESPARZA","9.93398414","-84.7224624","CAT 1","0","6/5/2025","IMPLEMENTADO","17327031(50Mbps-FO)"
"386","103787-00","3697","LAGUNILLAS","PUNTARENAS","GARABITO","9.84268414","-84.60326867","CAT 2","0","6/5/2025","IMPLEMENTADO","17568140(200Mbps-FO), 24288051(100Mbps-FO)"
"387","100520-00","309","BETANIA","SAN JOSE","MONTES DE OCA","993971231","-84,0535617","CAT 3","0","6/6/2025","IMPLEMENTADO","17300440(100Mbps-FO)"
"388","100574-00","366","JUAN FLORES UMAÑA","SAN JOSE","GOICOECHEA","996128226","-84,03617938","CAT 3","0","6/6/2025","IMPLEMENTADO","17351231(40Mbps-FO)"
"389","102762-00","2611","LOS TORNOS","GUANACASTE","TILARAN","1034432069","-84,85388745","CAT 1","0","6/6/2025","IMPLEMENTADO","17355611(10Mbps-FO), 22007843(6Mbps-LTE)"
"390","103803-00","3715","BAJAMAR","PUNTARENAS","GARABITO","983985504","-84,66583102","CAT 2","0","6/6/2025","IMPLEMENTADO","17393681(50Mbps-FO)"
"391","100519-00","308","BELLO HORIZONTE","SAN JOSE","ESCAZU","991935087","-84,13000764","CAT 3","0","6/6/2025","IMPLEMENTADO","17300475(30Mbps-FO)"
"392","104121-00","4072","LICEO SANTA TERESITA","CARTAGO","TURRIALBA","997878231","-83,65139461","CAT 3","0","6/9/2025","IMPLEMENTADO","17309292(30Mbps-FO)"
"393","105003-00","6532","C.T.P. AMBIENTALISTA ISAÍAS RETANA","SAN JOSE","PEREZ ZELEDON","938699109","-83,72662838","CAT 5","0","6/10/2025","IMPLEMENTADO","17340651(300Mbps-FO)"
"394","101364-00","1180","ONCE DE ABRIL","ALAJUELA","ALAJUELA","994598527","-84,26287842","CAT 3","0","6/10/2025","IMPLEMENTADO","17340351(40Mbps-FO)"
"395","100609-00","401","PORFIRIO BRENES CASTRO","SAN JOSE","MORAVIA","996095989","-84,04930315","CAT 4","0","6/11/2025","IMPLEMENTADO","17351211(20Mbps-FO), 22352880(100Mbps-FO)"
"396","103350-00","3231","SAN ISIDRO","PUNTARENAS","OSA","889773764","-83,35816142","CAT 1","0","6/12/2025","IMPLEMENTADO","22002897(6Mbps-LTE), 84184601(5Mbps-Móvil)"
"397","104116-00","4067","LICEO BRAULIO CARRILLO COLINA","CARTAGO","OREAMUNO","987033714","-83.895774","CAT 5","0","6/13/2025","IMPLEMENTADO","17332901(70Mbps-FO)"
"398","104077-00","4022","COLEGIO GREGORIO JOSÉ RAMÍREZ CASTRO","ALAJUELA","ALAJUELA","10,00803013","-84,22528587","CAT 5","0","6/16/2025","IMPLEMENTADO","17336471(100Mbps-FO)"
"399","104812-00","361","I.E.G.B. ANDRÉS BELLO LÓPEZ","SAN JOSE","SANTA ANA","993250037","-84,18238192","CAT 4","0","6/16/2025","IMPLEMENTADO","17300423(30Mbps-FO), 17648722(10Mbps-ADSL), 22826076(10Mbps-ADSL)"
"400","105001-00","6530","C.T.P. PAVAS","SAN JOSE","SAN JOSE","994965466","-84,13883178","CAT 4","0","6/16/2025","IMPLEMENTADO","17360461"
"401","103566-00","3466","MARGARITA ROJAS ZÚÑIGA","LIMON","LIMON","998904031","-83,05424335","CAT 4","0","6/17/2025","IMPLEMENTADO","17701542(300Mbps-FO)"
"402","104088-00","4034","EXPERIMENTAL BILINGUE DE PALMARES","ALAJUELA","PALMARES","1005386587","-84,4348726","CAT 5","0","6/17/2025","IMPLEMENTADO","17336431"
"403","104147-00","4100","EXPERIMENTAL BILINGUE DE LA CRUZ","GUANACASTE","LA CRUZ","1106400828","-85,6297061","CAT 3","0","6/17/2025","IMPLEMENTADO","17328102(200Mbps-FO)"
"404","104200-00","4158","C.T.P. DOS CERCAS","SAN JOSE","DESAMPARADOS","98927015","-84,04509087","CAT 5","0","6/17/2025","IMPLEMENTADO","17333251"
"405","104232-00","4192","C.T.P. DE ULLOA","HEREDIA","HEREDIA","996814794","-84,13798263","CAT 5","0","6/17/2025","IMPLEMENTADO","17303161"
"406","105042-00","6583","C.T.P. BRAULIO ODIO HERRERA","SAN JOSE","ASERRI","975659979","-84.10818416","CAT 3","0","6/17/2025","IMPLEMENTADO","17343271"
"407","104024-00","3953","LICEO DE CORONADO","SAN JOSE","VASQUEZ DE CORONADO","997059879","-84.00904034","CAT 4","0","6/17/2025","IMPLEMENTADO","17303581(70Mbps-FO)"
"408","100535-00","326","J.N. ESMERALDA OREAMUNO","SAN JOSE","TIBAS","9.946724","-84.08097305","CAT 3","0","6/17/2025","IMPLEMENTADO","17665162(200Mbps-FO)"
"409","102360-00","2195","ESPAÑA","HEREDIA","BELEN","998197276","-84.18660843","CAT 5","0","6/18/2025","IMPLEMENTADO","17317601"
"410","104815-00","6130","C.T.P. GRANADILLA","SAN JOSE","CURRIDABAT","993054742","-84,0103407","CAT 5","0","6/18/2025","IMPLEMENTADO","17346981(300Mbps-FO)"
"411","103519-00","3417","JUSTO ANTONIO FACIO","LIMON","SIQUIRRES","1009692866","-83,50906655","CAT 4","0","6/19/2025","IMPLEMENTADO","27682443"
"412","104060-00","901","JOSÉ BREINDERHOFF","SAN JOSE","PEREZ ZELEDON","9363461","-83,67586928","CAT 3","0","6/19/2025","IMPLEMENTADO","27718155"
"413","100552-00","343","REPÚBLICA DE VENEZUELA","SAN JOSE","ESCAZU","991922149","-84,14063416","CAT 4","0","6/19/2025","IMPLEMENTADO","17365881(55Mbps-FO)"
"414","104040-00","373","JOSÉ RAFAEL ARAYA ROJAS","SAN JOSE","TIBAS","996303155","-84,06392356","CAT 5","0","6/20/2025","IMPLEMENTADO","17300508"
"415","103869-00","3787","PUEBLO NUEVO","PUNTARENAS","GARABITO","96543679","-84,6196671","CAT 2","0","6/24/2025","IMPLEMENTADO","26432846(100Mbps-FO)"
"416","103308-00","3188","COTO 50-51","PUNTARENAS","CORREDORES","860615301","-82,97925528","CAT 1","0","6/25/2025","IMPLEMENTADO","17342061(10Mbps-FO)"
"417","101501-00","1319","LLANO BONITO","ALAJUELA","NARANJO","1016917606","-84,37478357","CAT 2","0","6/26/2025","IMPLEMENTADO","17755027(100Mbps-FO)"
"418","101296-00","1111","ESCUELA JACINTO PANIAGUA RODRIGUEZ","ALAJUELA","GRECIA","1011742541","-84,28483867","CAT 2","0","6/27/2025","IMPLEMENTADO","17368561(10Mbps-FO), 17427049(100Mbps-FO)"
"419","103790-00","3700","LA INMACULADA","PUNTARENAS","QUEPOS","9.44719106","-84.14053418","CAT 4","0","6/27/2025","IMPLEMENTADO","17345801(35Mbps-FO)"
"420","100528-00","319","JESÚS JIMÉNEZ ZAMORA","SAN JOSE","TIBAS","-84,08230782","996619241","CAT 3","0","6/30/2025","IMPLEMENTADO","17342461 (70mbs-FO)"
"421","103755-00","3661","SAN LUIS","LIMON","GUACIMO","-83.66030464","1024450868","CAT 3","0","6/30/2025","IMPLEMENTADO","17354751 (20mbps -FO)"
"422","102167-00","1999","EL SITIO DE LAS ABRAS","CARTAGO","TURRIALBA","-83.72251015","999721587","CAT 1","0","6/30/2025","IMPLEMENTADO","17300546 (10mbps -FO)"
"423","100898-00","702","ROSARIO SALAZAR MARÍN","SAN JOSE","PURISCAL","-84.28901244","983960115","CAT 3","0","6/30/2025","IMPLEMENTADO","17750375 (100mbps -FO) / 17370047(25mbps -SATELITAL)"
"424","104013-00","3942","LICEO DEL SUR","SAN JOSE","SAN JOSE","992423974","-84,08729908","CAT 4","0","6/30/2025","IMPLEMENTADO","17656251"
"425","104999-00","6528","C.T.P. PURRAL","SAN JOSE","GOICOECHEA","-84,0271515","995633743","CAT 5","0","7/1/2025","IMPLEMENTADO","17306132(300mbps -FO)"
"426","103353-00","3235","RÍO BONITO","PUNTARENAS","CORREDORES","-82,96364845","86612422","CAT 1","0","7/1/2025","IMPLEMENTADO","17750075(100mbps -FO) / 17313943 25mbps SATELITAL"
"427","104076-00","4021","LICEO DE POÁS","ALAJUELA","POAS","-84,24690194","1008064382","CAT 5","0","7/4/2025","IMPLEMENTADO","17332911(100mbps -FO)"
"428","104983-00","6498","COLEGIO INDÍGENA YIMBA CAJC","PUNTARENAS","BUENOS AIRES","8.98289622","-83.26922443","CAT 1","0","7/9/2025","IMPLEMENTADO","22007971(15Mbps-LTE)"
"429","105050-00","6635","C.T.P. DE SAN RAFAEL DE ALAJUELA","ALAJUELA","ALAJUELA","9.96921268","-84.21733351","CAT 4","0","7/10/2025","IMPLEMENTADO","17383451(10Mbps-FO)"
"430","102793-00","2642","ESCUELA EL VERGEL","GUANACASTE","CAÑAS","10.44319642","-85.04807068","CAT 1","0","7/11/2025","IMPLEMENTADO","17479498(100Mbps-FO)"
"431","102792-00","2641","ESCUELA EL SILENCIO","GUANACASTE","TILARAN","10.4776058","-84.90736309","CAT 1","0","7/11/2025","IMPLEMENTADO","17396811(100Mbps-FO)"
"432","100580-00","372","J.N. JOSÉ RAFAEL ARAYA ROJAS","SAN JOSE","TIBAS","9.9634394","-84,06558032","CAT 2","0","7/15/2025","IMPLEMENTADO","17648496(100Mbps-FO)"
"433","100595-00","387","MAURO FERNÁNDEZ ACUÑA","SAN JOSE","SAN JOSE","993134547","-84,08392721","CAT 3","0","7/24/2025","IMPLEMENTADO","17783738(300Mbps-FO)"
"434","103805-00","3717","LA PALMA","PUNTARENAS","PARRITA","953448407","-84,37648218","CAT 3","0","7/24/2025","IMPLEMENTADO","17658295(10Mbps-ADSL)"
"435","104620-00","5679","COLEGIO CANDELARIA","ALAJUELA","NARANJO","10.09949402","-84.40611392","CAT 3","0","7/24/2025","IMPLEMENTADO","17313554(10Mbps-FO), 17370590(25Mbps-SATELITAL), 17679469(20Mbps-ADSL), 17679470(20Mbps-ADSL)"
"436","100537-00","328","CIUDADELA DE PAVAS","SAN JOSE","SAN JOSE","994691426","-84,13699162","CAT 4","0","7/28/2025","IMPLEMENTADO","17390061(70Mbps-FO)"
"437","104990-00","6506","C.T.P. DE BOLÍVAR","ALAJUELA","GRECIA","1009567113","-84,31783654","CAT 4","0","7/29/2025","IMPLEMENTADO","17328941(200Mbps-FO)"
"438","103383-00","3272","LAS BRISAS DE ZENT","LIMON","MATINA","10.03401334","-83.26517584","CAT 2","0","7/29/2025","IMPLEMENTADO","17342231(10 Mbps - FO); 17524497(100 Mbps - FO); 22001879(6 Mbps - LTE)"
"439","103838-00","3752","FINCA MARITIMA","PUNTARENAS","QUEPOS","9.37581403","-84,04310512","CAT 2","0","7/30/2025","IMPLEMENTADO","17390451(80Mbps-FO)"
"440","103152-00","3027","RÍO SALTO","PUNTARENAS","COTO BRUS","8.7532902","-8294917422","CAT 2","0","7/30/2025","IMPLEMENTADO","17370266(25Mbps-SATELITAL)"
"441","104427-00","5131","LICEO CONCEPCIÓN DANIEL FLORES","SAN JOSE","PEREZ ZELEDON","923432128","-83,65851335","CAT 3","0","7/31/2025","IMPLEMENTADO","17336811(70 Mbps - FO)"
"442","100557-00","348","LOS SITIOS","SAN JOSE","MORAVIA","9.98301167","-84.04062984","CAT 3","0","8/1/2025","IMPLEMENTADO","17648710(6 Mbps - ADSL); 17752864(6 Mbps - ADSL)"
"443","102769-00","2618","I.D.A. SAN LUIS","GUANACASTE","CAÑAS","10.38082438","-85.11177049","CAT 2","0","8/5/2025","IMPLEMENTADO","17359001(10 Mbps - FO)"
"444","102809-00","2661","LOS PATIOS","GUANACASTE","TILARAN","10.39948807","-84.90314171","CAT 1","0","8/6/2025","IMPLEMENTADO","17358171(10 Mbps - FO); 17616713(100 Mbps - FO); 22007824(6 Mbps - LTE)"
"445","102647-00","2492","CACIQUE NICOA","GUANACASTE","NICOYA","10.14722853","-85.45130226","CAT 3","0","8/7/2025","IMPLEMENTADO","17329322(10Mbps-FO), 17704414(100Mbps-FO), 17704417(100Mbps-FO), 26867009(100Mbps-FO)"
"446","102749-00","2598","SANTA LUCÍA","GUANACASTE","ABANGARES","10.29285912","-84.97881276","CAT 1","0","8/8/2025","IMPLEMENTADO","17370037(25 Mbps - SATELITAL); 17750259(100 Mbps - FO)"
"447","102842-00","2696","BUENOS AIRES","GUANACASTE","CAÑAS","10.33116816","-85.05551965","CAT 1","0","8/8/2025","IMPLEMENTADO","17394561(15 Mbps - FO); 22007830(6 Mbps - LTE)"
"448","102265-00","2100","LA COOPERATIVA","HEREDIA","SANTO DOMINGO","9.96884614","-84.10777355","CAT 2","0","8/11/2025","IMPLEMENTADO","17343731(10Mbps-FO), 18186332(100Mbps-FO)"
"449","100897-00","701","LAGUNAS","SAN JOSE","TURRUBARES","9.84330403","-84.51894057","CAT 1","0","8/13/2025","IMPLEMENTADO","17339671(15 Mbps - FO)"
"450","102806-00","2658","LIMONAL","GUANACASTE","ABANGARES","10.25852763","-85.01526235","CAT 3","0","8/18/2025","IMPLEMENTADO","17354941(80 Mbps - FO)"
"451","100523-00","312","SAN RAFAEL","SAN JOSE","TIBAS","9.94677813","-84,08737603","CAT 3","0","8/19/2025","IMPLEMENTADO","17336461(30 Mbps - FO)"
"452","100534-00","325","ESMERALDA OREAMUNO","SAN JOSE","TIBAS","9.94681611","-84,08072828","CAT 3","0","8/20/2025","IMPLEMENTADO","17332361(30Mbps-FO)"
"453","102594-00","2438","POZO DE AGUA","GUANACASTE","NICOYA","10.28508271","-85.33851075","CAT 2","0","8/26/2025","IMPLEMENTADO","22008177(12 Mbps - LTE); 26981138(100 Mbps - FO)"
"454","102562-00","2403","LA MONTAÑITA","GUANACASTE","NICOYA","10.2025323","-85.40819048","CAT 1","0","8/27/2025","IMPLEMENTADO","17361271(10 Mbps - FO); 22006398(6 Mbps - LTE)"
"455","103427-00","3317","SECTOR NORTE","LIMON","SIQUIRRES","10.101922","-83.50499076","CAT 3","0","8/27/2025","IMPLEMENTADO","17701559(300 Mbps - FO); 22002912(6 Mbps - LTE)"
"456","104079-00","4024","LICEO SAN JOSE","ALAJUELA","ALAJUELA","10.01331231","-84.24666855","CAT 5","0","8/28/2025","IMPLEMENTADO","17332161(200 Mbps - FO)"
"457","102663-00","2509","CHIRCÓ","GUANACASTE","SANTA CRUZ","10.27304868","-85.63668728","CAT 3","0","8/28/2025","IMPLEMENTADO","17623068(100 Mbps - FO)"
"458","103668-00","3573","CAMPO KENNEDY","LIMÓN","POCOCÍ","10.36067812","-83.73429823","CAT 2","0","8/28/2025","IMPLEMENTADO","17667095(100Mbps-FO)"
"459","104108-00","4057","LICEO DE TARRAZÚ","SAN JOSE","TARRAZU","9.67074059","-84.02695737","CAT 4","0","9/1/2025","IMPLEMENTADO","17337471(55Mbps-FO)"
"460","100542-00","333","PLATANARES","SAN JOSE","MORAVIA","10.00161599","-84.01236762","CAT 3","0","9/1/2025","IMPLEMENTADO","17366841(30 Mbps - FO)"
"461","104261-00","4222","C.T.P. DE BATAÁN","LIMÓN","MATINA","10.08405869","-83.34484549","CAT 5","0","9/1/2025","IMPLEMENTADO","17489820(10Mbps-ADSL), 17489821(10Mbps-ADSL), 17600671(10Mbps-ADSL), 17657892(10Mbps-ADSL), 17756574(10Mbps-ADSL), 17759493(10Mbps-ADSL), 17784450(10Mbps-ADSL)"
"462","103005-00","2870","SAN MIGUEL","PUNTARENAS","PUNTARENAS","10.01388081","-84.69708945","CAT 2","0","9/2/2025","IMPLEMENTADO","17352671(100 Mbps - FO)"
"463","105040-00","6581","C.T.P. OROSI","CARTAGO","PARAÍSO","9.7798666","-83.841609","CAT 4","0","9/4/2025","IMPLEMENTADO","17328001(200 Mbps - FO)"
"464","104502-00","5330","LA PRADERA","ALAJUELA","POAS","10.1282113","-84.20832647","CAT 2","0","9/4/2025","IMPLEMENTADO","17334621(15 Mbps - FO)"
"465","103724-00","3629","MARÍA HIDALGO HIDALGO","LIMON","GUACIMO","10.21037761","-83.70969439","CAT 3","0","9/4/2025","IMPLEMENTADO","17363401(25 Mbps - FO)"
"466","101499-00","1317","BAJO SAN ANTONIO","ALAJUELA","SAN RAMON","10.13932062","-84.6147496","CAT 1","0","9/4/2025","IMPLEMENTADO","17336291(100 Mbps - FO)"
"467","104813-00","351","AMÉRICA CENTRAL","SAN JOSE","GOICOECHEA","9.94804404","-84.05601839","CAT 4","0","9/5/2025","IMPLEMENTADO","17332611(10Mbps), 17751068(10Mbps)"
"468","102439-00","2275","COLONIA BOLAÑOS","GUANACASTE","LA CRUZ","10.97058592","-85.62154717","CAT 2","0","9/8/2025","IMPLEMENTADO","17300544(100 Mbps - FO)"
"469","101396-00","1212","ENRIQUE PINTO FERNÁNDEZ","ALAJUELA","ALAJUELA","9.96865581","-84.22334479","CAT 5","0","9/9/2025","IMPLEMENTADO","17307651(80 Mbps - FO)"
"470","102478-00","2315","SAN DIMAS","GUANACASTE","LA CRUZ","11.17776851","-85.60397973","CAT 2","0","9/10/2025","IMPLEMENTADO","17327261(100Mbps-FO)"
"471","100583-00","375","LA MINA","SAN JOSE","SANTA ANA","9..91630812","-84.19662684","CAT 3","0","9/10/2025","IMPLEMENTADO","17336901(15Mbps)"
"472","105067-00","6716","LICEO DE GUARARÍ","HEREDIA","HEREDIA","9.98733389","-84.11676554","CAT 3","0","9/10/2025","IMPLEMENTADO","17414634(4 Mbps - ADSL); 17893733(100 Mbps - FO)"
"473","100599-00","391","JUAN ÁLVAREZ AZOFEIFA","SAN JOSE","SANTA ANA","9.88886709","-84.17139597","CAT 2","0","9/11/2025","IMPLEMENTADO","17665182(200 Mbps - FO)"
"474","104923-00","6269","COLEGIO MATA DE PLÁTANO","SAN JOSE","GOICOECHEA","9.95368267","-8401464283","CAT 4","0","9/11/2025","IMPLEMENTADO","17345501(40 Mbps - FO)"
"475","103306-00","3186","COTO 44","PUNTARENAS","CORREDORES","8.577645","-82.96413298","CAT 1","0","9/12/2025","IMPLEMENTADO","17370782(25Mbps)"
"476","102362-00","2197","SAN FRANCISCO","HEREDIA","HEREDIA","9.99587589","-84.13133187","CAT 3","0","9/12/2025","IMPLEMENTADO","17754104(100 Mbps - FO)"
"477","103696-00","3601","CENTRAL DE GUAPILES","LIMON","POCOCI","1021587601","-8378798534","CAT 4","0","9/19/2025","IMPLEMENTADO","17306812(100 Mbps - FO)"
"478","103286-00","3166","SAN MIGUEL","PUNTARENAS","COTO BRUS","885791933","-8288256936","CAT 3","0","9/22/2025","IMPLEMENTADO","17328341(25 Mbps - FO);        22001294(6 Mbps - LTE)"
"479","102839-00","2693","TRONADORA","GUANACASTE","TILARAN","10.50004349","-84.92163238","CAT 3","0","9/23/2025","IMPLEMENTADO","17359901(100Mbps)"
"480","104095-00","4042","LICEO DE FLORENCIA","ALAJUELA","SAN CARLOS","10.36563444","-84.47139714","CAT 4","0","9/24/2025","IMPLEMENTADO","17342531(45 Mbps - FO)"
"481","102731-00","2580","SAN PEDRO","GUANACASTE","SANTA CRUZ","1027289225","-8567501533","CAT 2","0","9/26/2025","IMPLEMENTADO","17990850(100Mbps)"
"482","103313-00","3193","EL SÁNDALO","PUNTARENAS","GOLFITO","855873759","-8336379103","CAT 1","0","9/26/2025","IMPLEMENTADO","17351891(15Mbps)
22001198(6Mbps)"
"483","100635-00","430","J.N. ISMAEL COTO FERNANDEZ","SAN JOSE","ALAJUELITA","9,89260073","-84,10591176","CAT 3","0","9/29/2025","IMPLEMENTADO","17602020(100Mbps),  22540656(10Mbps)"
"484","102837-00","2691","JOSE MARIA CALDERON","GUANACASTE","TILARAN","1047126058","-8496771097","CAT 4","0","9/29/2025","IMPLEMENTADO","17394581(300Mbps)"
"485","102811-00","2663","SAN LUIS","GUANACASTE","CAÑAS","1041647425","-8508788133","CAT 2","0","9/30/2025","IMPLEMENTADO","17365981(10Mbps)"
"486","100681-00","478","SAUREZ","SAN JOSE","ASERRI","9,85275837","-84,09783101","CAT 2","0","9/30/2025","IMPLEMENTADO","17394581(300Mbps) "
"487","101554-00","1372","SABANILLA","ALAJUELA","VALVERDE VEGA","1012394255","-8434913033","CAT 2","0","10/1/2025","IMPLEMENTADO","17478483(100Mbps)"
"488","102972-00","2835","MOJONCITO","PUNTARENAS","ESPARZA","999095836","-8469846941","CAT 1","0","10/2/2025","IMPLEMENTADO","17391361(80Mbps)"
"489","102586-00","2430","ARTURO SOLANO MONGE","GUANACASTE","NICOYA","1013351636","-8542397463","CAT 2","0","10/2/2025","IMPLEMENTADO","17386231(10Mbps), 17704494(100Mbps), 22006503(6Mbps)"
"490","101351-00","1166","LA BALSA","ALAJUELA","ATENAS","994252997","-8437974666","CAT 2","0","10/3/2025","IMPLEMENTADO","17753926(100Mbps), 88026819(5Mbps)"
"491","103311-00","3191","SAN MARCOS","PUNTARENAS","OSA","903094878","-8358380477","CAT 2","0","10/3/2025","IMPLEMENTADO","17334691(100Mbps)"
"492","103542-00","3442","MANZANILLO","LIMON","TALAMANCA","963312973","-8265574748","CAT 2","0","10/6/2025","IMPLEMENTADO","17524030(200Mbps-ADSL)"
"493","100549-00","340","EL LLANO","SAN JOSE","ALAJUELITA","988540876","-8411455814","CAT 3","0","10/7/2025","IMPLEMENTADO","17648688(200Mbps-FO)"
"494","102862-00","2719","LOS LLANOS","PUNTARENAS","PUNTARENAS","1030484372","-848347562","CAT 2","0","10/10/2025","IMPLEMENTADO","17419255(200Mbps-FO), 17760366(200Mbps-FO)"
"495","102799-00","2650","JOAQUÍN ARROYO","GUANACASTE","ABANGARES","10.25401769","-85.05460031","CAT 2","0","10/10/2025","IMPLEMENTADO","17340326(100Mbps)"
"496","101316-00","1131","I.M.A.S.","ALAJUELA","ALAJUELA","10.01449602","-84.24668119","CAT 5","0","10/13/2025","IMPLEMENTADO","17676290(200Mbps-FO), 17676291(200Mbps-FO)"
"497","103273-00","3153","EL PROGRESO","PUNTARENAS","OSA","871551925","-8363238646","CAT 1","0","10/13/2025","IMPLEMENTADO","87265148(5Mbps-Móvil)
17341182 (100Mbps)"
"498","101925-00","1752","RESCATE DE UJARRÁS","CARTAGO","PARAÍSO","9.83938344","-83.87727988","CAT 5","0","10/14/2025","IMPLEMENTADO","17313551(100Mbps-FO)"
"499","104937-00","6358","C.T.P. VÁZQUEZ DE CORONADO","SAN JOSE","VASQUEZ DE CORONADO","9.97710243","-84.02076623","CAT 4","0","10/14/2025","IMPLEMENTADO","17300411(300Mbps)"
"500","104111-00","4060","COLEGIO SAN FRANCISCO","CARTAGO","CARTAGO","9.83535901","-83.91455524","CAT 4","0","10/20/2025","IMPLEMENTADO","17328091(60Mbps)"
"501","104149-00","4102","INSTITUTO DE GUANACASTE","GUANACASTE","LIBERIA","10.62058854","-85.45166855","CAT 5","0","10/21/2025","IMPLEMENTADO","17335631(100Mbps)"
"502","100991-00","801","SAGRADA FAMILIA","SAN JOSE","PÉREZ ZELEDÓN","9.36127918","-83.69564741","CAT 3","0","10/21/2025","IMPLEMENTADO","17422121(200Mbps)
17422139(200Mbps)
17752926(200Mbps)
17617876(200Mbps)"
"503","102915-00","2774","MAL PAÍS","PUNTARENAS","PUNTARENAS","9.60003652","-8514129346","CAT 2","0","10/22/2025","IMPLEMENTADO","17763002(100Mbps)"
"504","104133-00","4085","LICEO ING. MANUEL BENAVIDES RODRÍGUEZ","HEREDIA","HEREDIA","9.99176571","-84.12492281","CAT 5","0","10/22/2025","IMPLEMENTADO","17307141(100Mbps)"
"505","101077-00","887","COCORÍ","SAN JOSE","PÉREZ ZELEDÓN","9.35674613","-83.70592054","CAT 3","0","10/23/2025","IMPLEMENTADO","17763575(300Mbps)"
"506","104143-00","4096","COLEGIO FELIPE PÉREZ PÉREZ","GUANACASTE","LIBERIA","10.6345553","-85.42701902","CAT 3","0","10/23/2025","IMPLEMENTADO","17335671(300Mbps)"
"507","102373-00","2208","JOAQUÍN CAMACHO ULATE","HEREDIA","BARVA","10.02844944","-84.13803251","CAT 3","0","10/24/2025","IMPLEMENTADO","17307172(35Mbps)"
"508","100673-00","470","RINCÓN GRANDE","SAN JOSE","SAN JOSE","9.9557689","-84.15360386","CAT 5","0","10/24/2025","IMPLEMENTADO","17303801(100Mbps)"
"509","104132-00","4084","LICEO DE SANTA BÁRBARA","HEREDIA","SANTA BÁRBARA","10.04194488","-84.15932635","CAT 5","0","10/24/2025","IMPLEMENTADO","17340311(200Mbps)"
"510","102823-00","2676","SAN ANTONIO","GUANACASTE","CAÑAS","104008596","-8508087505","CAT 2","0","10/27/2025","IMPLEMENTADO","17300541(100Mbps)"
"511","100533-00","324","SAN RAFAEL","SAN JOSE","SANTA ANA","9.9252792","-8417727623","CAT 3","0","10/27/2025","IMPLEMENTADO","17300208(15Mbps)"
"512","101571-00","1389","BARRIO LOS ÁNGELES","ALAJUELA","SAN CARLOS","10.35569491","-84.439981","CAT 3","0","10/27/2025","IMPLEMENTADO","17480183(300Mbps-FO)"
